Income statement (USD '000),"Sep 2020","Jun 2020","Mar 2020","Dec 2019","Sep 2019","Jun 2019","Mar 2019","Dec 2018","Dec 2018","Sep 2018","Jun 2018","Mar 2018","Dec 2017","Dec 2017","Sep 2017","Jun 2017","Mar 2017","Dec 2016","Dec 2016","Sep 2016","Jun 2016","Mar 2016","Dec 2015","Dec 2015","Sep 2015","Jun 2015","Mar 2015","Dec 2014","Dec 2014","Sep 2014","Jun 2014","Mar 2014","Dec 2013","Dec 2013","Sep 2013","Jun 2013","Mar 2013","Dec 2012","Dec 2012","Sep 2012","Jun 2012","Mar 2012","Dec 2011","Dec 2011","Sep 2011","Jun 2011","Mar 2011","Dec 2010","Dec 2010","Sep 2010","Jun 2010","Jun 2010","Mar 2010",
,"Qtrly (3m)","Final (12m)","Qtrly (3m)","Interim (6m)","Qtrly (3m)","Final (12m)","Qtrly (3m)","Qtrly (3m)","Interim (6m)","Qtrly (3m)","Final (12m)","Qtrly (3m)","Qtrly (3m)","Interim (6m)","Qtrly (3m)","Final (12m)","Qtrly (3m)","Interim (6m)","Qtrly (3m)","Qtrly (3m)","Final (12m)","Qtrly (3m)","Qtrly (3m)","Interim (6m)","Qtrly (3m)","Final (12m)","Qtrly (3m)","Interim (6m)","Qtrly (3m)","Qtrly (3m)","Final (12m)","Qtrly (3m)","Interim (6m)","Qtrly (3m)","Qtrly (3m)","Final (12m)","Qtrly (3m)","Interim (6m)","Qtrly (3m)","Qtrly (3m)","Final (12m)","Qtrly (3m)","Interim (6m)","Qtrly (3m)","Qtrly (3m)","Final (12m)","Qtrly (3m)","Interim (6m)","Qtrly (3m)","Qtrly (3m)","Final (12m)","Qtrly (3m)","Qtrly (3m)",
,"6 Nov 2020","11 Sep 2020","27 May 2020","7 Feb 2020","8 Nov 2019","27 Sep 2019","10 May 2019","8 Feb 2019","8 Feb 2019","9 Nov 2018","30 Aug 2018","11 May 2018","9 Feb 2018","9 Feb 2018","10 Nov 2017","25 Aug 2017","5 May 2017","10 Feb 2017","10 Feb 2017","4 Nov 2016","26 Aug 2016","6 May 2016","5 Feb 2016","5 Feb 2016","6 Nov 2015","21 Aug 2015","8 May 2015","6 Feb 2015","6 Feb 2015","7 Nov 2014","29 Aug 2014","9 May 2014","7 Feb 2014","7 Feb 2014","8 Nov 2013","23 Aug 2013","10 May 2013","8 Feb 2013","8 Feb 2013","9 Nov 2012","24 Aug 2012","11 May 2012","10 Feb 2012","10 Feb 2012","28 Oct 2011","26 Aug 2011","6 May 2011","4 Feb 2011","4 Feb 2011","10 Nov 2010","27 Aug 2010","27 Aug 2010","7 May 2010",
"Turnover",37113,150997,36514,154836,47938,166227,36586,97150,184539,125884,612889,162721,148416,300974,152558,610066,147944,307066,151433,155633,590749,134736,150281,304754,154473,625979,151121,310572,154131,156441,581656,138126,260777,137283,123494,452147,111141,223124,111442,111682,390264,90664,191984,92058,99926,343420,92758,153294,89011,64283,280364,68695,72291,
"Cost of Sales",28473,109006,25783,89954,32428,129696,29423,51185,103335,72316,304536,77860,73994,148646,74652,292383,70912,148298,73518,74780,290101,63266,78668,156050,77382,297856,71094,146180,71774,74406,260232,63149,124442,67883,56559,196834,51461,92328,47227,45101,141000,32493,67112,34168,32944,109858,29302,47249,29182,18067,72973,17321,17910,
"Operating Expenses",18528,75256,17454,65324,20622,144920,27597,70996,111152,41878,193003,48091,49392,93326,43934,179262,42195,80171,41703,38468,145886,35998,36248,72009,35761,158919,38001,80121,41385,38736,168072,40586,81330,40824,40506,191552,53846,96008,48756,47252,137404,36368,55929,28872,27057,119692,32618,59089,28763,30326,80854,21867,22381,
"EBITDA (ProfileData Calc)",-28378,-82450,-44682,12864,-3686,-298571,-47924,-53608,-55812,13471,157268,63560,30732,71579,38772,160438,39337,87493,40758,46076,167712,38367,38503,83321,44818,183560,45599,90896,43765,47131,156951,37841,61560,31801,29759,75847,,40476,18056,22420,106211,,68955,,,72200,,,,,,,,
"Depreciation",923,4467,1153,9146,1324,12103,3342,9853,15048,10794,35484,9341,8723,17689,8966,41378,10290,20827,10623,10204,40394,9281,10586,20701,10115,40685,10060,20331,10157,10174,40286,10442,19803,9774,10029,40599,10560,20491,10487,10004,36499,9325,17869,8790,9079,34671,11192,13996,9092,4904,19348,4964,5141,
"Operating Income",-10775,-44248,-14212,-9588,-6436,-134932,-23776,-43075,-53187,896,58949,7564,16307,41313,25006,97043,24547,57770,25589,32181,114368,26191,24779,55994,31215,128519,31966,63940,30815,33125,101798,23949,35202,18802,16400,23162,-4726,14297,4972,9325,61150,12478,51074,20228,30846,37428,-22125,32960,21974,10986,69811,-12835,26859,
"Profit Before Exceptional Items",-10775,-44248,-14212,-9588,-6436,-134932,-23776,-43075,-53187,896,58949,7564,16307,41313,25006,97043,24547,57770,25589,32181,114368,26191,24779,55994,31215,128519,31966,63940,30815,33125,101798,23949,35202,18802,16400,23162,-4726,14297,4972,9325,61150,12478,51074,20228,30846,37428,-22125,32960,21974,10986,69811,-12835,26859,
"Exceptional Item 1",,-15932,,9743,,-180075,-28885,-15836,-18568,,32473,37843,,,,,,,,,,,,,,,,,,,,,,,,,,,,,,,,,,,,,,,,,,
"Profit Before Interest And Tax",-10775,-60180,-14212,155,-6436,-315007,-52661,-58911,-71755,896,91422,45407,16307,41313,25006,97043,24547,57770,25589,32181,114368,26191,24779,55994,31215,128519,31966,63940,30815,33125,101798,23949,35202,18802,16400,23162,-4726,14297,4972,9325,61150,12478,51074,20228,30846,37428,-22125,32960,21974,10986,69811,-12835,26859,
"Interest Received",611,2805,570,1994,363,5424,1204,-331,3778,1876,17885,5154,4705,9749,5044,20897,5124,9365,5061,4304,15292,3345,3664,7939,4275,16355,4211,7677,3587,4090,14817,3438,6555,3236,3319,12083,,5680,2589,3091,8576,,,,,,,,,,9069,2599,,
"Interest Paid",747,7641,1886,4576,1347,9860,3092,2778,5121,2759,8941,2426,2325,4446,2121,3484,467,1306,510,796,3423,852,1054,2028,974,4456,941,2419,1107,1312,7473,1734,3978,2226,1752,7966,,4094,2023,2071,9345,,1154,,,1018,,,,,,,,
"Net Interest Paid/(Received)",136,4836,1316,2582,984,4436,1888,3109,1343,883,-8944,-2728,-2380,-5303,-2923,-17413,-4657,-8059,-4551,-3508,-11869,-2493,-2610,-5911,-3301,-11899,-3270,-5258,-2480,-2778,-7344,-1704,-2577,-1010,-1567,-4117,-492,-1586,-566,-1020,769,80,1154,535,619,1018,955,-756,2080,-2836,-9069,-2599,-2206,
"Income Before Tax",-10911,-65016,-15528,-2427,-7420,-319443,-54549,-62020,-73098,13,100366,48135,18687,46616,27929,114456,29204,65829,30140,35689,126237,28684,27389,61905,34516,140418,35236,69198,33295,35903,109142,25653,37779,19812,17967,27279,-4234,15883,5538,10345,60381,12398,49920,19693,30227,36410,-23080,33716,19894,13822,78880,-10236,29065,
"Taxation",-1090,2656,640,3739,970,-5072,-3551,-2298,577,6490,48597,19418,10062,20339,10277,42506,10233,22087,10984,11103,42080,9816,10593,21490,10897,44136,10305,21851,10203,11648,39379,8535,13584,7099,6485,14656,472,6700,2971,3729,15936,4611,5174,-5378,10552,33525,-1603,16043,9836,6207,40822,7858,10441,
"Profit For The Period",-9821,-67672,-16168,-6166,-8390,-314371,-50998,-59722,-73675,-6477,51769,28717,8625,26277,17652,71950,18971,43742,19156,24586,84157,18868,16796,40415,23619,96282,24931,47347,23092,24255,69763,17118,24195,12713,11482,12623,-4706,9183,2567,6616,44445,7787,44746,25071,19675,2885,-21477,17673,10058,7615,38058,-18094,18624,
"Income From Associates After Tax",-19137,-29542,-32193,1569,1063,1258,-537,-1247,184,,11597,3960,1354,3429,,2814,,733,74,,,,,,,,,,,,,,,,,,,,,,,,,,,,,,,,,,,
"Income Attributable To Minority Interests",,,,,,2349,-728,2972,3067,95,-880,302,357,601,244,1694,624,1202,589,613,2342,450,526,1313,787,1999,638,1052,794,258,-50,-12,,11,-11,-3,-3,-8,-8,,14,17,-12,-4,-8,-101,-42,-86,-56,-30,-839,-569,-192,
"Attributable Income Before Extraordinary Items",-28958,-97214,-48361,-4597,-7327,-315462,-50807,-63941,-76558,-6572,64246,32375,9622,29105,17408,73070,18347,43273,18641,23973,81815,18418,16270,39102,22832,94283,24293,46295,22298,23997,69813,17130,24195,12702,11493,12626,-4703,9191,2575,6616,44431,7770,44758,25075,19683,2986,-21435,17759,10114,7645,38897,-17525,18816,
"Extraordinary Profit",,18856,13480,,2935,4455,-7769,,7418,1373,,,,,2075,2664,45,,,659,639,2,388,576,188,452,65,168,76,92,298,52,150,47,103,351,22,182,54,128,220,-4,104,19,85,-339,-127,-382,-166,-216,93,518,-44,
"Extraordinary Profit: Discontinued Operations",,18856,13480,,2935,754,-7769,,,,,,,,,,,,,,,,,,,,,,,,,,,,,,,,,,,,,,,,,,,,,,,
"Extraordinary Profit: Equity accounted investments",,,,,,,,,,,,,,,,2664,,,,,,,,,,,,,,,,,,,,,,,,,,,,,,,,,,,,,,
"Income Attributable To Equity Holders",-28958,-78358,-34881,-4597,-4392,-311007,-58576,-63941,-69140,-5199,64246,32375,9622,29105,19483,75734,18392,43273,18641,24632,82454,18420,16658,39678,23020,94735,24358,46463,22374,24089,70111,17182,24345,12749,11596,12977,-4681,9373,2629,6744,44651,7766,44862,25094,19768,2647,-21562,17377,9948,7429,38990,-17007,18772,
"Total Comprehensive Income/Loss for the period",,,,,,,,,,,42444,,,,,100026,,,,22302,33815,,,,-43646,40082,,,,,,,,,,,,,,,,,,,,,,,,,,,,
"Headline Earnings (Cont Ops)",-13474,-52321,-17087,-14486,-4503,-282614,-44445,-55850,-61141,-5290,89343,52204,9171,28654,19559,72494,18321,42932,18253,24680,78607,16490,16666,39618,22952,94522,24312,46297,22296,24001,69456,17163,24333,12738,11595,13056,-4679,9311,2567,6744,40689,7749,40921,25148,15769,33983,9776,17372,9946,7426,76413,,18791,
"Enterprise Value (EV)",2509720,3161935,3384095,2870381,3120796,3104179,3384481,2826506,2848630,6640305,6484987,6361991,8530993,8466818,7513977,7122958,8693658,8429262,8448936,6284756,7951113,6172620,9545642,9545642,10888596,9932127,7698730,6294166,6294166,6519668,5684193,4812600,4178425,4162998,5621404,3320593,3078741,1984498,1984498,3194440,3191656,3209342,2959793,2959793,2296891,2414883,2556621,3718122,3720066,3505293,4843648,4842225,5813016,

Balance sheet (USD '000),"Sep 2020","Jun 2020","Mar 2020","Dec 2019","Sep 2019","Jun 2019","Mar 2019","Dec 2018","Dec 2018","Sep 2018","Jun 2018","Mar 2018","Dec 2017","Dec 2017","Sep 2017","Jun 2017","Mar 2017","Dec 2016","Dec 2016","Sep 2016","Jun 2016","Mar 2016","Dec 2015","Dec 2015","Sep 2015","Jun 2015","Mar 2015","Dec 2014","Dec 2014","Sep 2014","Jun 2014","Mar 2014","Dec 2013","Dec 2013","Sep 2013","Jun 2013","Mar 2013","Dec 2012","Dec 2012","Sep 2012","Jun 2012","Mar 2012","Dec 2011","Dec 2011","Sep 2011","Jun 2011","Mar 2011","Dec 2010","Dec 2010","Sep 2010","Jun 2010","Jun 2010","Mar 2010",
,"Qtrly (3m)","Final (12m)","Qtrly (3m)","Interim (6m)","Qtrly (3m)","Final (12m)","Qtrly (3m)","Qtrly (3m)","Interim (6m)","Qtrly (3m)","Final (12m)","Qtrly (3m)","Qtrly (3m)","Interim (6m)","Qtrly (3m)","Final (12m)","Qtrly (3m)","Interim (6m)","Qtrly (3m)","Qtrly (3m)","Final (12m)","Qtrly (3m)","Qtrly (3m)","Interim (6m)","Qtrly (3m)","Final (12m)","Qtrly (3m)","Interim (6m)","Qtrly (3m)","Qtrly (3m)","Final (12m)","Qtrly (3m)","Interim (6m)","Qtrly (3m)","Qtrly (3m)","Final (12m)","Qtrly (3m)","Interim (6m)","Qtrly (3m)","Qtrly (3m)","Final (12m)","Qtrly (3m)","Interim (6m)","Qtrly (3m)","Qtrly (3m)","Final (12m)","Qtrly (3m)","Interim (6m)","Qtrly (3m)","Qtrly (3m)","Final (12m)","Qtrly (3m)","Qtrly (3m)",
,"6 Nov 2020","11 Sep 2020","27 May 2020","7 Feb 2020","8 Nov 2019","27 Sep 2019","10 May 2019","8 Feb 2019","8 Feb 2019","9 Nov 2018","30 Aug 2018","11 May 2018","9 Feb 2018","9 Feb 2018","10 Nov 2017","25 Aug 2017","5 May 2017","10 Feb 2017","10 Feb 2017","4 Nov 2016","26 Aug 2016","6 May 2016","5 Feb 2016","5 Feb 2016","6 Nov 2015","21 Aug 2015","8 May 2015","6 Feb 2015","6 Feb 2015","7 Nov 2014","29 Aug 2014","9 May 2014","7 Feb 2014","7 Feb 2014","8 Nov 2013","23 Aug 2013","10 May 2013","8 Feb 2013","8 Feb 2013","9 Nov 2012","24 Aug 2012","11 May 2012","10 Feb 2012","10 Feb 2012","28 Oct 2011","26 Aug 2011","6 May 2011","4 Feb 2011","4 Feb 2011","10 Nov 2010","27 Aug 2010","27 Aug 2010","7 May 2010",
"Fixed Assets",6286,6656,6150,16450,17324,8227,19889,23739,23739,25222,25737,32592,32852,32852,34060,39411,43901,45876,45876,53338,54977,56110,53216,53216,52048,52320,48395,49361,49361,48739,47797,46150,47619,47619,48716,48301,50682,55746,55746,54475,52616,44167,33776,33776,32409,35807,33861,32738,32738,7637,7286,7286,8269,
"Right-of-use Asset",4848,5395,,,,,,,,,,,,,,,,,,,,,,,,,,,,,,,,,,,,,,,,,,,,,,,,,,,,
"Investments and Loans",50367,65836,102515,155627,146833,148427,167497,93561,93561,94241,86016,185023,147392,147392,97802,27862,38920,36278,36278,25560,25645,11259,14626,14626,14342,14329,930,954,954,934,878,1347,1290,1290,1270,1183,1112,1192,1192,1571,1508,1552,1545,1545,1639,1860,1893,2452,2452,2376,2598,2598,2158,
"Goodwill",24865,24169,23434,148938,142800,37316,156499,267964,267964,279158,169079,182534,199495,199495,186539,188833,190174,180686,180686,187875,179478,163338,152312,152312,154294,166437,169433,172237,172237,179003,186576,179832,181111,181111,180950,175806,182066,193133,193133,187570,182737,190149,183827,183827,188409,209570,187026,184215,184215,83203,76346,76346,119418,
"Intangible Assets",548,612,840,8043,9561,2228,15719,115250,115250,121824,27129,31428,34604,34604,35584,38764,42904,44339,44339,47611,48556,41870,38686,38686,40862,47124,51665,55884,55884,62148,68514,69265,73874,73874,76915,77257,83913,92287,92287,93327,93930,101172,103408,103408,104271,119856,147922,192022,192022,71646,68347,68347,78278,
"Deferred Tax Asset",288,358,206,2112,2287,234,2862,20826,20826,8007,4776,3363,3342,3342,3969,,,,,,,,,,,,,,,,,,,,,,,,,,,,,,,,,,,,,,,
"Other Assets",30172,31346,34440,48982,47758,178165,174903,219577,219577,245150,477736,271185,225463,225463,201166,49696,39281,39072,39072,45089,31121,49299,,,,42430,,,,,,,,,,,,,,,,,,,,,,,,,,,,
"Long-Term Receivables",,,,,,,,,,,,,,,,,,,,,,,11286,11286,13982,,35781,35426,35426,36533,38285,34338,34271,34271,36150,36576,38426,41010,41010,40570,40700,42148,38288,38288,39900,14463,21640,15016,15016,8130,7423,7423,6896,
"Total Fixed Assets",117374,134372,167585,380152,366563,374597,537369,740917,740917,773602,790473,706125,643148,643148,559120,344566,355180,346251,346251,359473,339777,321876,270126,270126,275528,322640,306204,313862,313862,327357,342050,330932,338165,338165,344001,339123,356199,383368,383368,377513,371491,379188,360844,360844,366628,381556,392342,426443,426443,172992,162000,162000,215019,
"Stock",18084,19860,19328,21196,19059,5709,7861,10272,10272,10369,10361,11808,12482,12482,9278,8020,10560,14063,14063,10694,10004,11555,10636,10636,12335,12979,12095,12501,12501,12200,10785,10491,13537,13537,11063,12222,8415,9869,9869,7129,10779,6157,5082,5082,5781,6725,7113,6986,6986,6144,3622,3622,5195,
"Debtors",28314,43068,45842,68565,71280,31135,80150,105007,105007,113924,93448,120664,128543,128543,115652,111429,122540,102499,102499,108088,107805,111637,149005,149005,153453,121335,136520,128338,128338,136701,148067,132356,125062,125062,118025,102614,101609,105104,105104,99703,101918,98159,93197,93197,78172,82780,75125,76308,76308,37225,41854,41854,46822,
"Cash",215911,232485,260660,135079,110799,95460,122938,133041,133041,183333,87075,87172,64896,64896,138359,258457,267707,198891,198891,205329,223644,123269,101417,101417,125610,117583,111002,70981,70981,81185,58672,30875,22362,22362,47670,53665,42616,38116,38116,57544,39123,88250,80864,80864,101983,95263,88890,71383,71383,200161,153742,153742,184341,
"Tax",,,,,,,,,,,,,,,,5330,6841,6696,6696,7484,6956,5777,4937,4937,6829,7298,6828,6286,6286,7045,7451,5350,5001,5001,5125,4938,6927,5976,5976,6223,5591,7590,6610,6610,15192,15882,18748,17655,17655,18546,,,12491,
"Other Current Assets",24501,23893,16818,84518,103411,163346,91439,90887,90887,119377,235957,474697,521174,521174,520893,722954,558867,373878,373878,634182,575314,529691,367351,367351,635527,735121,699403,547525,547525,783026,783920,791889,517417,517417,706906,763760,557240,437930,437930,368034,426991,50984,138644,138644,168946,199439,154955,171731,171731,117529,110872,110872,12644,
"Total Current Assets",286810,319306,342648,309358,304549,295650,302388,339207,339207,427003,426841,694341,727095,727095,784182,1106190,966515,696027,696027,965777,923723,781929,633346,633346,933754,994316,965848,765631,765631,1020157,1008895,970961,683379,683379,888789,937199,716807,596995,596995,538633,584402,251140,324397,324397,370074,400089,344831,344063,344063,379605,310090,310090,261493,
"Total Assets",404184,453678,510233,689510,671112,670247,839757,1080124,1080124,1200605,1217314,1400466,1370243,1370243,1343302,1450756,1321695,1042278,1042278,1325250,1263500,1103805,903472,903472,1209282,1316956,1272052,1079493,1079493,1347514,1350945,1301893,1021544,1021544,1232790,1276322,1073006,980363,980363,916146,955893,630328,685241,685241,736702,781645,737173,770506,770506,552597,472090,472090,476512,
"Ordinary Share Capital & Premium",302026,301569,80,277971,80,277077,80,277463,277463,80,276281,275616,275041,275041,274433,273813,269612,223346,223346,222711,224052,224411,219480,219480,218448,213960,213328,211807,211807,210772,202464,165135,164119,164119,161664,160729,160153,159061,159061,155954,155409,138348,137505,137505,136903,136489,139270,137673,137673,134900,133602,,132192,
"Treasury Shares",286951,286951,286951,286951,286951,286951,286951,286951,286951,286951,286951,286951,286951,286951,286951,286951,273238,273238,273238,273238,241627,238432,225706,225706,214520,214520,214520,214520,214520,214520,200681,175823,175823,175823,175823,175823,175823,175823,175823,175823,175823,175823,175823,175823,175823,174694,173671,173671,173671,173671,173671,,173671,
"Distributable Reserves",415712,444670,485871,523979,524184,523028,713701,768485,768485,832426,836194,805390,802381,802381,792759,773276,761987,743595,743595,724954,700322,675966,657546,657546,640888,617868,593954,569596,569596,547222,522729,494145,476963,476963,464214,452618,444333,449014,449014,446385,439641,447618,439852,439852,414758,394990,388158,409720,409720,399772,392343,,409350,
"Other Capital",-161245,-169075,-218196,-194439,-214640,-195812,-204338,-198272,-198272,-189528,-184538,-73481,-123359,-123359,-176565,-162569,-164510,-188643,-188643,-167842,-189700,-184382,-199324,-199324,-182545,-139181,-131415,-120504,-120504,-104126,-82741,-97910,-96103,-96103,-93544,-100858,-88275,-65282,-65282,-71467,-75722,-59832,-73834,-73834,-71257,-33779,-36900,-38381,-38381,-38906,-66396,,-51496,
"Ordinary Shareholders' Interest",269542,290213,-19196,320560,22673,317342,222492,560725,560725,356027,640986,720574,667112,667112,603676,597569,593851,505060,505060,506585,493047,477563,451996,451996,462271,478127,461347,446379,446379,439348,441771,385547,369156,369156,356511,336666,340388,366970,366970,355049,343505,350311,327700,327700,304581,323006,316857,335341,335341,322095,285878,287301,316375,
"Preference Shareholders",,,278238,,277455,,277950,80,80,276865,,,107672,107672,107672,,107672,107672,107672,107672,107672,,,,,,,,,,,,,,,,,,,,,,,,,,,,,,,,,
"Minority Interest",,,,,,,343,91632,91632,91477,95911,4040,3567,3567,2899,2766,4218,3569,3569,3003,2501,2003,1508,1508,1163,658,329,752,752,-19,-23,15,27,27,3292,3303,3295,3298,3298,3306,3306,3297,3280,3280,3159,3014,2998,3022,3022,1564,1423,,2187,
"Near Equities",84979,84979,107672,,,107672,,,,,,,,,,,,,,,,,,,,,,,,,,,,,,,,,,,,,,,,,,,,,,,,
"Total Shareholders' Interest",354521,375192,366714,320560,300128,425014,500785,652437,652437,724369,736897,724614,778351,778351,714247,600335,705741,616301,616301,617260,603220,479566,453504,453504,463434,478785,461676,447131,447131,439329,441748,385562,369183,369183,359803,339969,343683,370268,370268,358355,346811,353608,330980,330980,307799,326020,319855,338363,338363,323659,287301,287301,318562,
"Interest Bearing Loans",,,,,,,,10395,10395,11660,5469,19008,19867,19867,34860,7501,16335,14872,14872,18156,43134,52269,51412,51412,50739,50762,80277,80529,80529,83684,85865,78178,77583,77583,91873,88291,98586,104096,104096,108143,105551,105634,112227,112227,97009,111776,1029,107934,107934,4413,4343,4343,5274,
"Deferred Tax Liability",91,1859,1922,4503,4580,1324,6299,52376,52376,43567,16067,7789,9866,9866,8615,11139,11143,11139,11139,11397,12559,9407,8483,8483,9169,10564,11841,12676,12676,14078,15522,17343,18261,18261,18703,18727,20033,20999,20999,21065,20988,24425,24748,24748,47648,52785,58698,62052,62052,43766,38858,38858,50220,
"Share Incentive Scheme",,,,107672,,,,,,,,,,,,107672,,,,,,,,,,,,,,,,,,,,,,,,,,,,,,,,,,,,,,
"Other Long-Term Liabilities",5179,5324,5679,7122,4486,5763,109945,2515,2515,3419,68676,2901,2449,2449,2965,2795,2725,2181,2181,2793,2376,1708,,,,2205,,,,,,,,,,,,,,,,,,,27008,,115205,5219,5219,,,,,
"Total Long-Term Liabilities",5270,7183,7601,119297,9066,7087,116244,65286,65286,58646,90212,29698,32182,32182,46440,129107,30203,28192,28192,32346,58069,63384,59895,59895,59908,63531,92118,93205,93205,97762,101387,95521,95844,95844,110576,107018,118619,125095,125095,129208,126539,130059,136975,136975,171665,164561,174932,175205,175205,48179,43201,43201,55494,
"Creditors and Provisions",30455,30066,54631,83345,75269,69488,52679,94403,94403,105426,62751,59996,56139,56139,52032,49935,51874,51829,51829,56491,51576,59628,56666,56666,64538,67048,56428,55101,55101,58287,59358,64279,48075,48075,52838,60375,52005,49841,49842,54931,53339,73962,69846,69846,73107,82625,78572,86351,86351,64022,54451,54451,6594,
"Tax",1298,16157,16170,5043,7260,1330,4958,6770,6770,13898,5742,14502,5311,5311,14126,5607,11223,4426,4426,16572,5235,7940,3092,3092,12848,6287,10215,3094,3094,13581,7676,11749,3479,3479,9261,2275,5879,5317,5317,11542,6019,8975,3067,3067,10791,6709,12771,5553,5553,9330,3476,3476,15136,
"Bank Overdrafts/Short-Term Loans",6726,14814,54560,98266,79079,84990,15823,24660,24660,33937,44076,56446,50530,50530,59371,8738,8941,8288,8288,9078,8675,8752,,,,8863,,,,,,,38364,38364,,,,,,,,,,,,,454,420,420,,,,,
"Other Current Liabilities",5914,10266,10557,62999,200310,82338,149268,236568,236568,264329,277636,515210,447730,447730,457086,657034,513713,333242,333242,593503,536725,484535,330315,330315,608554,692442,651615,480962,480962,738555,740776,744782,466599,466599,700312,766685,552820,429842,429841,362110,423185,63724,144373,144373,173340,201730,150589,164614,164614,107407,83661,83661,80726,
"Total Current Liabilities",44393,71303,135918,249653,361918,238146,222728,362401,362401,417590,390205,646154,559710,559710,582615,721314,585751,397785,397785,675644,602211,560855,390073,390073,685940,774640,718258,539157,539157,810423,807810,820810,556517,556517,762411,829335,610704,485000,485000,428583,482543,146661,217286,217286,257238,291064,242386,256938,256938,180759,141588,141588,102456,
"Total Liabilities",49663,78486,143519,368950,370984,245233,338972,427687,427687,476236,480417,675852,591892,591892,629055,850421,615954,425977,425977,707990,660280,624239,449968,449968,745848,838171,810376,632362,632362,908185,909197,916331,652361,652361,872987,936353,729323,610095,610095,557791,609082,276720,354261,354261,428903,455625,417318,432143,432143,228938,184789,184789,157950,
"Total Equity and Liabilities",404184,453678,510233,689510,671112,670247,839757,1080124,1080124,1200605,1217314,1400466,1370243,1370243,1343302,1450756,1321695,1042278,1042278,1325250,1263500,1103805,903472,903472,1209282,1316956,1272052,1079493,1079493,1347514,1350945,1301893,1021544,1021544,1232790,1276322,1073006,980363,980363,916146,955893,630328,685241,685241,736702,781645,737173,770506,770506,552597,472090,472090,476512,

Share/unit data,"Sep 2020","Jun 2020","Mar 2020","Dec 2019","Sep 2019","Jun 2019","Mar 2019","Dec 2018","Dec 2018","Sep 2018","Jun 2018","Mar 2018","Dec 2017","Dec 2017","Sep 2017","Jun 2017","Mar 2017","Dec 2016","Dec 2016","Sep 2016","Jun 2016","Mar 2016","Dec 2015","Dec 2015","Sep 2015","Jun 2015","Mar 2015","Dec 2014","Dec 2014","Sep 2014","Jun 2014","Mar 2014","Dec 2013","Dec 2013","Sep 2013","Jun 2013","Mar 2013","Dec 2012","Dec 2012","Sep 2012","Jun 2012","Mar 2012","Dec 2011","Dec 2011","Sep 2011","Jun 2011","Mar 2011","Dec 2010","Dec 2010","Sep 2010","Jun 2010","Jun 2010","Mar 2010",
,"Qtrly (3m)","Final (12m)","Qtrly (3m)","Interim (6m)","Qtrly (3m)","Final (12m)","Qtrly (3m)","Qtrly (3m)","Interim (6m)","Qtrly (3m)","Final (12m)","Qtrly (3m)","Qtrly (3m)","Interim (6m)","Qtrly (3m)","Final (12m)","Qtrly (3m)","Interim (6m)","Qtrly (3m)","Qtrly (3m)","Final (12m)","Qtrly (3m)","Qtrly (3m)","Interim (6m)","Qtrly (3m)","Final (12m)","Qtrly (3m)","Interim (6m)","Qtrly (3m)","Qtrly (3m)","Final (12m)","Qtrly (3m)","Interim (6m)","Qtrly (3m)","Qtrly (3m)","Final (12m)","Qtrly (3m)","Interim (6m)","Qtrly (3m)","Qtrly (3m)","Final (12m)","Qtrly (3m)","Interim (6m)","Qtrly (3m)","Qtrly (3m)","Final (12m)","Qtrly (3m)","Interim (6m)","Qtrly (3m)","Qtrly (3m)","Final (12m)","Qtrly (3m)","Qtrly (3m)",
,"6 Nov 2020","11 Sep 2020","27 May 2020","7 Feb 2020","8 Nov 2019","27 Sep 2019","10 May 2019","8 Feb 2019","8 Feb 2019","9 Nov 2018","30 Aug 2018","11 May 2018","9 Feb 2018","9 Feb 2018","10 Nov 2017","25 Aug 2017","5 May 2017","10 Feb 2017","10 Feb 2017","4 Nov 2016","26 Aug 2016","6 May 2016","5 Feb 2016","5 Feb 2016","6 Nov 2015","21 Aug 2015","8 May 2015","6 Feb 2015","6 Feb 2015","7 Nov 2014","29 Aug 2014","9 May 2014","7 Feb 2014","7 Feb 2014","8 Nov 2013","23 Aug 2013","10 May 2013","8 Feb 2013","8 Feb 2013","9 Nov 2012","24 Aug 2012","11 May 2012","10 Feb 2012","10 Feb 2012","28 Oct 2011","26 Aug 2011","6 May 2011","4 Feb 2011","4 Feb 2011","10 Nov 2010","27 Aug 2010","27 Aug 2010","7 May 2010",
"Exchange Rate (period end)",16.92,17.33,17.95,14.06,15.16,14.08,14.5,14.38,14.38,14.14,13.73,11.82,12.37,12.37,13.55,13.05,12.86,13.74,13.74,13.94,14.78,14.82,15.39,15.39,13.88,12.57,12.08,11.6,11.6,11.26,10.59,10.58,10.5,10.5,10.11,9.89,9.24,8.48,8.48,8.32,8.28,7.74,8.14,8.14,7.89,6.8,6.84,6.65,6.65,6.97,7.65,7.65,7.4,
"Exchange Rate (weighted average)",16.91,15.96,15.37,14.69,14.75,14.27,14.02,14.32,14.34,14.86,12.7,11.96,13.63,13.4,13.17,13.61,13.22,14.01,13.93,14.1,14.5,15.82,14.12,13.49,12.96,11.45,11.74,10.97,11.22,10.76,10.4,10.87,10.08,10.16,10,8.84,8.47,8.48,8.7,8.26,7.72,7.85,7.82,8.18,7.09,7.01,6.99,7.14,6.93,7.41,7.64,7.56,7.54,
"Number of Shares in Issue (Actual)",57119000,57118925,57118925,56568425,56568000,56568425,56815925,56855000,56814000,56723000,56685925,56716000,56807000,56812000,57196000,55864264,54639000,52521345,52643000,53832000,55271954,46341000,46573489,46573489,47322702,46679565,46561000,46547153,46547153,47226000,47819299,45776000,45773342,45600471,45613000,45592550,45742707,45600471,45600471,45515000,45548902,45552304,45002304,45002304,45055000,45152805,45535000,45409000,45433000,45392353,45378397,45378397,45378000,
"Weighted Average Shares in Issue (Actual)",57119000,56764000,56803000,56568000,56568000,56760000,56828000,56834000,56778000,56773000,56807000,56716000,56755000,56762000,56562000,53966000,54639000,53176000,52521000,53832000,47234000,46341000,47086000,47007000,46620000,46733000,46561000,46873000,46519000,47226000,46484000,45776000,45725000,45776000,45613000,45553000,45561000,45550000,45545000,45515000,45187000,45268000,44996000,44935000,45055000,45175000,45452000,45409000,45433000,45384000,46245000,45378000,45378000,
"Fully Diluted Weighted Average Shares in Issue",57119000,56764000,56803000,56568000,56568000,56778000,56828000,56855000,56814000,56773000,56858000,56777000,56807000,56812000,56609000,54075000,54808000,53282000,52643000,53923000,47476000,46430000,47400000,47394000,47080000,46399000,46739000,46990000,46644000,47335000,46116000,45954000,45919000,46176000,45801000,45678000,45609000,45578000,45567000,45590000,45232000,45375000,45026000,44967000,45085000,45231000,45559000,45455000,45494000,45415000,46435000,45560000,46725000,
"Market Capitalisation (R'000)",2718905,3379606,3311957,2907194,2875061,3114649,3213303,2832780,2854904,6409699,6426606,6369669,8414253,8350078,7447534,7362410,8824199,8493752,8513426,6352176,8012775,6232865,9594139,9594139,10962304,9989427,7729126,6283866,6283866,6517188,5657023,4765282,4084813,4069386,5573909,3282664,3019476,1915220,1915220,3140535,3121922,3188661,2925150,2925150,2298706,2395356,2641030,3678129,3680073,3699477,4991624,4991624,5989896,
"Market Capitalisation (R'000): NET1UEPS (NT1)",2718905,3379606,3311957,2907194,2875061,3114649,3213303,2832780,2832780,6370232,6426606,6369669,,8350078,7447534,7362410,,,,,,,,,,,,,,,,,,,,,,,,,,,,,,,,,,,,,,
"Number of Months",3,12,3,6,3,12,3,3,6,3,12,3,3,6,3,12,3,6,3,3,12,3,3,6,3,12,3,6,3,3,12,3,6,3,3,12,3,6,3,3,12,3,6,3,3,12,3,6,3,3,12,3,3,
"Number of Employees",,,,,,3146,,,,,8379,,,,,5358,,,,,5701,,,,,4764,,,,,4415,,,,,4307,,,,,4851,,,,,,,,,,2022,2022,,

Share statistics,"Sep 2020","Jun 2020","Mar 2020","Dec 2019","Sep 2019","Jun 2019","Mar 2019","Dec 2018","Dec 2018","Sep 2018","Jun 2018","Mar 2018","Dec 2017","Dec 2017","Sep 2017","Jun 2017","Mar 2017","Dec 2016","Dec 2016","Sep 2016","Jun 2016","Mar 2016","Dec 2015","Dec 2015","Sep 2015","Jun 2015","Mar 2015","Dec 2014","Dec 2014","Sep 2014","Jun 2014","Mar 2014","Dec 2013","Dec 2013","Sep 2013","Jun 2013","Mar 2013","Dec 2012","Dec 2012","Sep 2012","Jun 2012","Mar 2012","Dec 2011","Dec 2011","Sep 2011","Jun 2011","Mar 2011","Dec 2010","Dec 2010","Sep 2010","Jun 2010","Jun 2010","Mar 2010",
,"Qtrly (3m)","Final (12m)","Qtrly (3m)","Interim (6m)","Qtrly (3m)","Final (12m)","Qtrly (3m)","Qtrly (3m)","Interim (6m)","Qtrly (3m)","Final (12m)","Qtrly (3m)","Qtrly (3m)","Interim (6m)","Qtrly (3m)","Final (12m)","Qtrly (3m)","Interim (6m)","Qtrly (3m)","Qtrly (3m)","Final (12m)","Qtrly (3m)","Qtrly (3m)","Interim (6m)","Qtrly (3m)","Final (12m)","Qtrly (3m)","Interim (6m)","Qtrly (3m)","Qtrly (3m)","Final (12m)","Qtrly (3m)","Interim (6m)","Qtrly (3m)","Qtrly (3m)","Final (12m)","Qtrly (3m)","Interim (6m)","Qtrly (3m)","Qtrly (3m)","Final (12m)","Qtrly (3m)","Interim (6m)","Qtrly (3m)","Qtrly (3m)","Final (12m)","Qtrly (3m)","Interim (6m)","Qtrly (3m)","Qtrly (3m)","Final (12m)","Qtrly (3m)","Qtrly (3m)",
,"6 Nov 2020","11 Sep 2020","27 May 2020","7 Feb 2020","8 Nov 2019","27 Sep 2019","10 May 2019","8 Feb 2019","8 Feb 2019","9 Nov 2018","30 Aug 2018","11 May 2018","9 Feb 2018","9 Feb 2018","10 Nov 2017","25 Aug 2017","5 May 2017","10 Feb 2017","10 Feb 2017","4 Nov 2016","26 Aug 2016","6 May 2016","5 Feb 2016","5 Feb 2016","6 Nov 2015","21 Aug 2015","8 May 2015","6 Feb 2015","6 Feb 2015","7 Nov 2014","29 Aug 2014","9 May 2014","7 Feb 2014","7 Feb 2014","8 Nov 2013","23 Aug 2013","10 May 2013","8 Feb 2013","8 Feb 2013","9 Nov 2012","24 Aug 2012","11 May 2012","10 Feb 2012","10 Feb 2012","28 Oct 2011","26 Aug 2011","6 May 2011","4 Feb 2011","4 Feb 2011","10 Nov 2010","27 Aug 2010","27 Aug 2010","7 May 2010",
"Earnings Per Share (ZARc)",-862.41,-2186.52,-937.57,-117.52,-118,-7819.96,1444.06,-1618.16,-1749.48,-133.74,1435.1,681.72,231.71,683.4,447.89,1823.74,489.14,1134.81,487.55,648.71,2494,632.8,494.2,1133.16,635.04,2324.35,610.48,1086.03,538.56,548.76,1570.4,413.06,534.24,284.48,250,247.69,-84.7,178.16,52.22,123.9,764.28,133.45,782,458.08,312.23,41,-328.53,271.32,152.46,118.56,642,-283.5,312.16,
"Diluted Earnings Per Share (ZARc)",-862.41,-2186.52,-937.57,-117.52,-118,-7819.96,1444.06,-1603.84,-1749.48,-133.74,1435.1,681.72,231.71,683.4,447.89,1810.13,489.14,1134.81,487.55,648.71,2479.5,632.8,494.2,1133.16,635.04,2312.9,610.48,1086.03,538.56,548.76,1560,402.19,534.24,284.48,250,247.69,-84.7,178.16,52.22,123.9,764.28,133.45,782,458.08,312.23,41,-328.53,271.32,152.46,118.56,642,-281.99,309.89,
"Headline Earnings Per Share (Cont Ops) (ZARc)",-405.84,-1468.32,-46.11,-381.94,-118,-7106.46,-1093.56,-1403.36,-1548.72,-133.74,1993.9,1100.32,218.08,670,447.89,1810.13,489.14,1134.81,487.55,648.71,2378,569.52,494.2,1133.16,635.04,2312.9,610.48,1086.03,538.56,548.76,1549.6,402.19,534.24,284.48,250,256.54,-84.7,169.67,52.22,123.9,694.8,133.45,711.62,458.08,248.37,526,153.78,271.32,152.46,118.56,1257,340.2,309.14,
"Diluted Headline Earnings Per Share (Cont) (ZARc)",-405.84,-1468.32,-46.11,-381.94,-118,-7106.46,-1093.56,-1403.36,-1548.72,-133.74,1993.9,1100.32,218.08,670,447.89,1810.13,436.26,1134.81,487.55,648.71,2363.5,569.52,494.2,1133.16,635.04,2301.45,610.48,1086.03,538.56,548.76,1549.6,402.19,524.16,284.48,250,256.54,-84.7,169.67,52.22,123.9,694.8,133.45,711.62,458.08,248.37,526,146.79,271.32,152.46,118.56,1257,340.2,309.14,
"Net Asset Value Per Share (ZARc)",7984.55,-342.09,-603.3,8091.81,607.77,1004.19,5678.5,14187.06,14197.28,15774.87,8835.53,15021.12,14526.71,14539.95,14310.42,13834.17,13977.02,13212.8,13182.29,13122.19,13187.74,15272.6,14943.66,14943.66,13558.68,12877.59,11972.62,11124.17,11124.17,10475.29,9607.46,8911.01,8468.15,8500.17,7901.98,7302.97,6879.65,6830.32,6830.32,6490.18,6213.17,5952.29,5927.39,5927.39,5340.02,4857.38,4763.51,4910.96,4908.36,4949.32,4845.2,4845.2,5159.28,
"3 Year Beta",-1.5,-1.42,-2.14,-3.18,-3,-3.23,-0.34,-0.52,-0.52,-0.71,-0.75,-0.57,-0.72,-0.72,-0.81,-0.84,-0.69,-0.31,-0.31,0.29,0.57,0.21,0.43,0.43,0.06,0.32,0.59,0.61,0.61,0.82,0.83,0.94,0.9,0.9,0.53,0.22,0.44,0.31,0.31,0.4,0.74,0.48,0.03,0.03,,,,,,,,,,
"Cash Generated Per Share",-52.31,-80.61,-7.34,-24.61,-32.41,-7.88,-24.88,-9.21,19.75,29.01,-233.4,149.77,23.43,22.04,-1.39,173.92,39.9,132.52,29.8,100.15,210.87,106.17,8.69,69.03,59.38,289.76,105.9,116.27,31.39,83.67,77.68,75.67,-63.19,-59.75,-3.67,122.65,26.64,41.25,-15.18,56.53,44.8,48.22,46.71,-13.78,60.41,146.66,62.07,55.47,-10.93,66.44,151.36,,69.88,
"Earnings Per Share (Base Currency)",-51,-137,-61,-8,-8,-548,-103,-113,-122,-9,113,57,17,51,34,134,34,81,35,46,172,40,35,84,49,203,52,99,48,51,151,38,53,28,25,28,-10,21,6,15,99,17,100,56,44,6,-47,38,22,16,84.03,-37.5,41.4,
"Diluted Earnings Per Share (Base Currency)",-51,-137,-61,-8,-8,-548,-103,-112,-122,-9,113,57,17,51,34,133,34,81,35,46,171,40,35,84,49,202,52,99,48,51,150,37,53,28,25,28,-10,21,6,15,99,17,100,56,44,6,-47,38,22,16,84,-37.3,41.1,
"Headline Earnings Per Share (Cont) (Base Currency)",-24,-92,-30,-26,-8,-498,-78,-98,-108,-9,157,92,16,50,34,133,34,81,35,46,164,36,35,84,49,202,52,99,48,51,149,37,53,28,25,29,-10,20,6,15,90,17,91,56,35,75,22,38,22,16,165,45,41,
"Diluted Headline Earnings Per Share(Cont)(BaseCur)",-24,-92,-30,-26,-8,-498,-78,-98,-108,-9,157,92,16,50,34,133,33,81,35,46,163,36,35,84,49,201,52,99,48,51,149,37,52,28,25,29,-10,20,6,15,90,17,91,56,35,75,21,38,22,16,165,45,41,
"Net Asset Value Per Share (Base Currency)",471.9,-19.74,-33.61,575.52,40.08,71.32,391.6,986.24,986.95,1115.62,643.52,1270.5,1174.35,1175.42,1055.45,1060.09,1086.86,961.63,959.41,941.05,892.04,1030.54,970.5,970.5,976.85,1024.47,990.84,958.98,958.98,930.31,907.22,842.25,806.49,809.54,781.6,738.42,744.14,804.75,804.75,780.07,749.65,769.03,728.18,728.18,676.02,714.32,659.85,738.49,4908.36,709.58,633.12,633.12,697.2,
"Price at Period End (Base Currency)",288,345,329,368,336,392,393,349,349,798,829,954,1197,1197,978,1003,1206,1189,1189,849,986,918,1325,1325,1676,1754,1367,1168,1168,1224,1119,984,858,858,1207,725,713,496,496,838,816,907,797,797,640,781,852,1222,8100,1171,1434,1434,1816,
"JSE Market Price High (ZARc)",6980,14800,14800,6822,6822,15000,7000,11666,13500,13500,18150,17070,18150,18150,14049,18501,18501,17000,17000,15696,29850,21499,24995,29850,29850,25200,17450,15200,14500,15200,12999,11900,12999,12600,12999,8200,6900,8200,8200,8100,8600,8600,6500,6500,6000,11000,8350,11000,9700,11000,17500,13200,17500,
"JSE Market Price Low (ZARc)",4823,3860,4605,3860,3860,4000,4000,4802,4802,8005,3501,10761,12500,11265,11265,11000,14600,11800,11999,11800,12501,13159,19714,19714,20000,11500,12500,11500,12000,11500,5200,5200,6500,6500,7000,3000,4200,3000,3000,6600,4300,5800,4300,5049,4300,4900,5700,7400,7400,7705,10000,10000,12500,
"JSE Market Price at Period End (ZARc)",4823,5995,5875,5157,5100,5525,5700,5025,5025,11300,11400,11299,14812,14812,13211,13060,16150,16172,16172,11800,14497,13450,20600,20600,23165,21400,16600,13500,13500,13800,11830,10410,8924,8924,12220,7200,6601,4200,4200,6900,6854,7000,6500,6500,5102,5305,5800,8100,8100,8150,11000,11000,13200,
"JSE Volume Traded (Actual)",52190,4204138,107119,50727,28331,5071452,1079394,825072,3811591,2986519,7340258,2735155,1785092,1928128,143036,2452044,555528,1558632,1405495,153137,2518669,897515,852967,1218385,365418,969885,262698,526348,156698,369650,2559261,543682,1435333,912244,523089,4029775,1327274,2085603,1449039,636564,1221812,439595,567253,156338,410915,2646518,489956,849662,793038,56624,11563603,55731,634577,
"JSE Rand Value Traded (Actual)",2797323,264508933,6367978,2539659,1516107,514010274,49328712,78439236,443853985,365414748,1012415315,393008366,268834584,287346824,18512240,373623203,90606703,235665893,215021732,20644161,489658565,144182669,190363275,280088165,89724890,148267349,40997151,72433814,20812742,51621071,253791943,52340853,136203419,83940836,52262583,232605988,70314357,120261650,73205220,47056430,77376183,32647125,29548216,9369988,20178228,180561782,32531519,72175125,66653946,5521179,1519504283,6745312,86114518,
"12 Month HEPS",-1507.08,-1468.32,-3397.63,-5939.68,-5447.84,-7106.46,-3949.34,-819.55,-551.77,1361.68,1993.9,2113.03,1345.32,1345.32,1805.48,1810.13,2295.01,2381.27,2381.1,2432.21,2378,2184.14,2285.69,2289.61,2369.71,2312.9,2039.54,2101.39,2101.39,1710.96,1549.6,1447.07,621.11,621.35,442.4,252.59,379.42,152.85,159.3,645,694.8,909.73,966.3,961.13,642.87,526,754.68,899.82,899.52,1061.31,1257,1386.05,1631.9,

Cash flow items,"Sep 2020","Jun 2020","Mar 2020","Dec 2019","Sep 2019","Jun 2019","Mar 2019","Dec 2018","Dec 2018","Sep 2018","Jun 2018","Mar 2018","Dec 2017","Dec 2017","Sep 2017","Jun 2017","Mar 2017","Dec 2016","Dec 2016","Sep 2016","Jun 2016","Mar 2016","Dec 2015","Dec 2015","Sep 2015","Jun 2015","Mar 2015","Dec 2014","Dec 2014","Sep 2014","Jun 2014","Mar 2014","Dec 2013","Dec 2013","Sep 2013","Jun 2013","Mar 2013","Dec 2012","Dec 2012","Sep 2012","Jun 2012","Mar 2012","Dec 2011","Dec 2011","Sep 2011","Jun 2011","Mar 2011","Dec 2010","Dec 2010","Sep 2010","Jun 2010","Jun 2010","Mar 2010",
,"Qtrly (3m)","Final (12m)","Qtrly (3m)","Interim (6m)","Qtrly (3m)","Final (12m)","Qtrly (3m)","Qtrly (3m)","Interim (6m)","Qtrly (3m)","Final (12m)","Qtrly (3m)","Qtrly (3m)","Interim (6m)","Qtrly (3m)","Final (12m)","Qtrly (3m)","Interim (6m)","Qtrly (3m)","Qtrly (3m)","Final (12m)","Qtrly (3m)","Qtrly (3m)","Interim (6m)","Qtrly (3m)","Final (12m)","Qtrly (3m)","Interim (6m)","Qtrly (3m)","Qtrly (3m)","Final (12m)","Qtrly (3m)","Interim (6m)","Qtrly (3m)","Qtrly (3m)","Final (12m)","Qtrly (3m)","Interim (6m)","Qtrly (3m)","Qtrly (3m)","Final (12m)","Qtrly (3m)","Interim (6m)","Qtrly (3m)","Qtrly (3m)","Final (12m)","Qtrly (3m)","Interim (6m)","Qtrly (3m)","Qtrly (3m)","Final (12m)","Qtrly (3m)","Qtrly (3m)",
,"6 Nov 2020","11 Sep 2020","27 May 2020","7 Feb 2020","8 Nov 2019","27 Sep 2019","10 May 2019","8 Feb 2019","8 Feb 2019","9 Nov 2018","30 Aug 2018","11 May 2018","9 Feb 2018","9 Feb 2018","10 Nov 2017","25 Aug 2017","5 May 2017","10 Feb 2017","10 Feb 2017","4 Nov 2016","26 Aug 2016","6 May 2016","5 Feb 2016","5 Feb 2016","6 Nov 2015","21 Aug 2015","8 May 2015","6 Feb 2015","6 Feb 2015","7 Nov 2014","29 Aug 2014","9 May 2014","7 Feb 2014","7 Feb 2014","8 Nov 2013","23 Aug 2013","10 May 2013","8 Feb 2013","8 Feb 2013","9 Nov 2012","24 Aug 2012","11 May 2012","10 Feb 2012","10 Feb 2012","28 Oct 2011","26 Aug 2011","6 May 2011","4 Feb 2011","4 Feb 2011","10 Nov 2010","27 Aug 2010","27 Aug 2010","7 May 2010",
"Cash generated by operations",,,,,,,,,,,,,,,,74648,,,,,84796,,,,,96734,,,,,,,,,,,,,,,,,,,,,,,,,,,,
"Working capital changes",,,,,,,,,,,,,,,,-19777,,,,,-9712,,,,,,,,,,,,,,,,,,,,,,,,,,,,,,,,,
"Net Cash flow from operating activities",-29880,-46045,-4195,-13919,-18333,-4460,-14134,-5236,11221,16457,-132305,84945,13312,12519,-793,97161,21803,69603,15690,53913,116552,49198,4046,32148,28102,135258,49308,54121,14609,39512,37145,34637,-28924,-27248,-1676,55917,12186,18809,-6920,25729,20406,21964,21020,-6200,27219,66223,28264,25190,-4968,30158,68683,,31709,
"Net cash flow from investing activities",24174,223117,183693,15,-12902,64476,-5006,-5244,68127,73371,180748,10225,-27531,-39888,-12357,-114071,-169564,185195,241290,-56095,-5756,-129606,254726,262199,-33846,-80783,-194459,182563,232859,-50296,-21640,-282091,246042,199838,46204,-447816,-161385,-25345,-78411,53066,-292539,80485,23333,25897,-2564,-323685,2761,-282139,-265832,-16307,-90186,,-1623,
"Net cash flow from financing activities",-11674,-48838,-33857,26419,26978,-24714,12236,-37989,-33589,4400,-473479,-74372,-66101,-169203,-103102,40469,211858,-282857,-261193,-21664,13645,99068,-274879,-288220,27978,16784,188880,-217303,-254699,43054,-13378,255693,-250166,-198363,-51773,409716,156363,4989,65528,-60539,231907,-100007,-42003,-37427,-4576,183269,-14521,160295,144731,15564,-48478,,-280,
"Dividends paid",,,,,,-4104,-1148,,,,,,,,,-2067,,,,,,,,,,,,,,,,,,,,,,,,,,,,,,,,,,,,,,
"Net increase(decrease) in cash & cash equivalents",-16574,110974,125581,13568,-10712,31457,-10103,-50292,42987,93279,-168403,22276,-73463,-193561,-120098,34813,68816,-24753,-6438,-18315,106061,21852,-24193,-16166,8027,58911,40021,12309,-10204,22513,5007,8513,-31303,-25308,-5995,14542,4500,-1007,-19428,18421,-56140,7386,-14399,-21119,6719,-58479,17507,-82359,-128778,46419,-67044,,31470,
"Cash & Cash Equivalent beginning of period",232485,121511,135079,121511,121511,90054,133041,183333,90054,90054,258457,64896,138359,258457,258457,223644,198891,223644,205329,223644,117583,101417,,117583,117583,58672,,,,,,,,,,,,,,,,,,,,,,,,,,,,
"Translation effects on cash & cash equivalents",806,-17260,-20060,1053,-6455,-3845,-3199,-1823,-2772,-949,-7977,1478,6857,3011,-3846,11254,,3306,-2225,5531,-18380,,,,-14207,-12348,,,,,,,,,,,,,,,,,,,,,,,,,,,,
"Cash & Cash Equivalent end of period",215911,232485,260660,135079,110799,121511,122938,133041,133041,183333,90054,87172,64896,64896,138359,258457,267707,198891,198891,205329,223644,123269,,101417,125610,117583,,,,,,,,,,,,,,,,,,,,,,,,,,,,

Ratios,"Sep 2020","Jun 2020","Mar 2020","Dec 2019","Sep 2019","Jun 2019","Mar 2019","Dec 2018","Dec 2018","Sep 2018","Jun 2018","Mar 2018","Dec 2017","Dec 2017","Sep 2017","Jun 2017","Mar 2017","Dec 2016","Dec 2016","Sep 2016","Jun 2016","Mar 2016","Dec 2015","Dec 2015","Sep 2015","Jun 2015","Mar 2015","Dec 2014","Dec 2014","Sep 2014","Jun 2014","Mar 2014","Dec 2013","Dec 2013","Sep 2013","Jun 2013","Mar 2013","Dec 2012","Dec 2012","Sep 2012","Jun 2012","Mar 2012","Dec 2011","Dec 2011","Sep 2011","Jun 2011","Mar 2011","Dec 2010","Dec 2010","Sep 2010","Jun 2010","Jun 2010","Mar 2010",
,"Qtrly (3m)","Final (12m)","Qtrly (3m)","Interim (6m)","Qtrly (3m)","Final (12m)","Qtrly (3m)","Qtrly (3m)","Interim (6m)","Qtrly (3m)","Final (12m)","Qtrly (3m)","Qtrly (3m)","Interim (6m)","Qtrly (3m)","Final (12m)","Qtrly (3m)","Interim (6m)","Qtrly (3m)","Qtrly (3m)","Final (12m)","Qtrly (3m)","Qtrly (3m)","Interim (6m)","Qtrly (3m)","Final (12m)","Qtrly (3m)","Interim (6m)","Qtrly (3m)","Qtrly (3m)","Final (12m)","Qtrly (3m)","Interim (6m)","Qtrly (3m)","Qtrly (3m)","Final (12m)","Qtrly (3m)","Interim (6m)","Qtrly (3m)","Qtrly (3m)","Final (12m)","Qtrly (3m)","Interim (6m)","Qtrly (3m)","Qtrly (3m)","Final (12m)","Qtrly (3m)","Interim (6m)","Qtrly (3m)","Qtrly (3m)","Final (12m)","Qtrly (3m)","Qtrly (3m)",
,"6 Nov 2020","11 Sep 2020","27 May 2020","7 Feb 2020","8 Nov 2019","27 Sep 2019","10 May 2019","8 Feb 2019","8 Feb 2019","9 Nov 2018","30 Aug 2018","11 May 2018","9 Feb 2018","9 Feb 2018","10 Nov 2017","25 Aug 2017","5 May 2017","10 Feb 2017","10 Feb 2017","4 Nov 2016","26 Aug 2016","6 May 2016","5 Feb 2016","5 Feb 2016","6 Nov 2015","21 Aug 2015","8 May 2015","6 Feb 2015","6 Feb 2015","7 Nov 2014","29 Aug 2014","9 May 2014","7 Feb 2014","7 Feb 2014","8 Nov 2013","23 Aug 2013","10 May 2013","8 Feb 2013","8 Feb 2013","9 Nov 2012","24 Aug 2012","11 May 2012","10 Feb 2012","10 Feb 2012","28 Oct 2011","26 Aug 2011","6 May 2011","4 Feb 2011","4 Feb 2011","10 Nov 2010","27 Aug 2010","27 Aug 2010","7 May 2010",
"Return on Capital Employed",-32.19,-20.49,-37.27,-2.09,-5.68,-71.43,-38.44,-33.98,-18.41,-2.61,7.66,17.33,4.92,7.33,10.37,10.61,10.34,13.8,11.93,15.54,12.82,13.9,13.39,15.97,18.2,17.84,18.05,17.59,17.15,18.13,12.9,14.28,10.47,10.98,9.85,2.9,-4.05,3.78,2.12,5.53,9.44,6.44,19.17,21.45,16.49,0.52,-17.47,6.73,7.7,7.96,11.54,-21.27,19.87,
"Return on Shareholder Funds",-32.67,-20.88,-38.05,-2.87,-5.85,-72.62,-47.37,-37.38,-20.25,-2.82,8.6,18.04,5.13,7.63,11.05,12.9,10.78,14.43,12.48,16.36,14.06,15.74,15.16,18.08,20.55,20.2,21.66,21.25,20.73,22.17,15.86,17.81,13.19,13.83,12.88,3.82,-5.45,5.06,2.83,7.53,12.88,8.8,27.1,30.32,25.68,0.78,-27.02,10.22,11.69,9.14,13.28,-24.47,23.33,
"Return on Total Assets",-31.73,-18.33,-39.28,-3.98,-4.9,-21.9,-15.7,-27.22,-15.6,0.01,7.78,4.8,7.06,8.81,9.96,9.59,10.73,16.29,14.79,13.1,12.19,12.77,15.38,17.38,13.61,12.73,13.41,16.26,15.64,12.98,9.96,9.75,9.86,10.34,7.37,2.67,-2.1,4.57,3.19,6.51,8.89,14.63,25.09,19.79,27.23,8.05,-22.95,17.1,20.18,13.9,24.09,-12.51,41.7,
"Operating Profit Margin",-29.03,-29.3,-38.92,-6.19,-13.43,-81.17,-64.99,-44.34,-28.82,0.71,9.62,4.65,10.99,13.73,16.39,15.91,16.59,18.81,16.9,20.68,19.36,19.44,16.49,18.37,20.21,20.53,21.15,20.59,19.99,21.17,17.5,17.34,13.5,13.7,13.28,5.12,-4.25,6.41,4.46,8.35,15.67,13.76,26.6,21.97,30.87,10.9,-23.85,21.5,24.69,17.09,24.9,-18.68,37.15,
"Net Profit Margin",-78.03,-51.89,-95.53,-2.97,-9.16,-187.1,-160.1,-65.82,-37.47,-4.13,10.48,19.9,6.48,9.67,12.77,12.41,12.43,14.09,12.31,15.83,13.96,13.67,11.08,13.02,14.9,15.13,16.12,14.96,14.52,15.4,12.05,12.44,9.34,9.29,9.39,2.87,-4.21,4.2,2.36,6.04,11.44,8.57,23.37,27.26,19.78,0.77,-23.25,11.34,11.18,11.56,13.91,-24.76,25.97,
"Debt:Equity (excl non-int debt)",0.03,0.06,0.17,0.68,0.29,0.22,0.26,0.14,0.14,0.13,0.18,0.12,0.11,0.11,0.15,0.23,0.06,0.06,0.06,0.07,0.11,0.15,0.13,0.13,0.13,0.15,0.2,0.21,0.21,0.22,0.23,0.25,0.36,0.36,0.31,0.31,0.35,0.34,0.34,0.36,0.36,0.37,0.41,0.41,0.56,0.5,0.55,0.52,0.52,0.15,0.15,0.15,0.17,
"Interest Bearing Debt as % of Long-Term Finance",,,,,,,,1.57,1.57,1.58,0.74,2.56,2.49,2.49,4.65,1.23,2.26,2.36,2.36,2.86,6.67,9.83,10.18,10.18,9.87,9.59,14.81,15.26,15.26,16,16.27,16.86,17.37,17.37,20.34,20.62,22.29,21.94,21.94,23.18,23.33,23,25.32,25.32,23.96,25.53,0.32,24.18,24.18,1.35,1.49,1.49,1.63,
"Interest Cover",-79.23,-12.44,-10.8,0.06,-6.54,-71.01,-27.89,-18.95,-53.43,1.01,-10.22,-16.64,-6.85,-7.79,-8.55,-5.57,-5.27,-7.17,-5.62,-9.17,-9.64,-10.51,-9.49,-9.47,-9.46,-10.8,-9.78,-12.16,-12.43,-11.92,-13.86,-14.05,-13.66,-18.62,-10.47,-5.63,9.61,-9.01,-8.78,-9.14,79.52,155.98,44.26,37.81,49.83,36.77,-23.17,-43.6,10.56,-3.87,-7.7,4.94,-12.18,
"Quick Ratio",6.05,4.2,2.38,1.15,0.79,1.22,1.32,0.91,0.91,1,1.07,1.06,1.28,1.28,1.33,1.52,1.63,1.71,1.71,1.41,1.52,1.37,1.6,1.6,1.34,1.27,1.33,1.4,1.4,1.24,1.24,1.17,1.2,1.2,1.15,1.12,1.16,1.21,1.21,1.24,1.19,1.67,1.47,1.47,1.42,1.35,1.39,1.31,1.31,2.07,2.16,2.16,2.5,
"Current Ratio",6.46,4.48,2.52,1.24,0.84,1.24,1.36,0.94,0.94,1.02,1.09,1.07,1.3,1.3,1.35,1.53,1.65,1.75,1.75,1.43,1.53,1.39,1.62,1.62,1.36,1.28,1.34,1.42,1.42,1.26,1.25,1.18,1.23,1.23,1.17,1.13,1.17,1.23,1.23,1.26,1.21,1.71,1.49,1.49,1.44,1.37,1.42,1.34,1.34,2.1,2.19,2.19,2.55,
"Debtors Collection Period",69.62,104.11,114.56,80.82,135.68,68.37,199.9,98.63,103.85,82.58,55.65,67.67,79.03,77.94,69.18,66.67,75.58,60.92,61.76,63.37,66.61,75.61,90.48,89.23,90.65,70.75,82.43,75.41,75.98,79.74,92.91,87.44,87.52,83.13,87.21,82.84,83.42,85.97,86.06,81.46,95.32,98.79,88.59,92.38,71.38,87.98,73.9,90.85,78.23,52.84,54.49,55.6,59.1,
"Stock Turn",6.3,5.49,5.34,8.49,6.81,22.72,14.97,19.93,20.12,27.9,29.39,26.38,23.71,23.82,32.18,36.46,26.86,21.09,20.91,27.97,29,21.9,29.59,29.34,25.09,22.95,23.51,23.39,22.97,24.4,24.13,24.08,18.39,20.06,20.45,16.1,24.46,18.71,19.14,25.31,13.08,21.11,26.41,26.89,22.79,16.34,16.48,13.53,16.71,11.76,20.15,19.13,13.79,
"Price : Earnings",-3.2,-4.08,-1.73,-0.87,-0.94,-0.78,-1.44,-6.13,-9.11,8.3,5.72,5.35,11.01,11.01,7.32,7.21,7.04,6.79,6.79,4.85,6.1,6.16,9.01,9,9.78,9.25,8.14,6.42,6.42,8.07,7.63,7.19,14.37,14.36,27.62,28.5,17.4,27.48,26.37,10.7,9.86,7.69,6.73,6.76,7.94,10.09,7.69,9,9,7.68,8.75,7.94,8.09,
"Sales Per Share (Base Currency)",259.9,266.01,257.13,547.43,338.98,292.86,257.52,683.75,650.04,886.93,1078.9,1147.62,1046.01,1060.48,1078.87,1130.46,1083.07,1154.9,1153.31,1156.43,1250.69,1163,1276.65,1296.63,1325.38,1339.48,1298.26,1325.16,1325.32,1325.04,1251.3,1206.97,1140.63,1199.61,1082.97,992.57,975.76,979.69,978.74,981.5,863.66,801.13,853.34,819.48,887.15,760.2,816.32,675.17,783.67,566.57,606.26,605.54,637.23,
"Price/Sales Per Share",1.11,1.3,1.28,0.67,0.99,1.34,1.53,0.51,0.54,0.9,0.77,0.83,1.14,1.13,0.91,0.89,1.11,1.03,1.03,0.73,0.79,0.79,1.04,1.02,1.26,1.31,1.05,0.88,0.88,0.92,0.89,0.82,0.75,0.71,1.11,0.73,0.73,0.51,0.51,0.85,0.94,1.13,0.93,0.97,0.72,1.03,1.04,1.81,10.34,2.07,2.37,2.37,2.85,
"Price/Net Asset Value",0.61,-17.49,-9.78,0.64,8.39,5.5,1,0.35,0.35,0.72,1.29,0.75,1.02,1.02,0.93,0.95,1.11,1.24,1.24,0.9,1.11,0.89,1.37,1.37,1.72,1.71,1.38,1.22,1.22,1.32,1.23,1.17,1.06,1.06,1.54,0.98,0.96,0.62,0.62,1.07,1.09,1.18,1.09,1.09,0.95,1.09,1.29,1.65,1.65,1.65,2.26,2.26,2.6,
"Price/Cash Flow",-22.05,-4.28,-179.17,-29.93,-41.52,-49.77,-63.14,-151.44,35.34,110.03,-3.55,25.49,204.33,108.63,-2814.55,5.77,120.94,17.94,159.56,33.92,4.68,34.58,610,38.4,112.88,6.05,51.63,20.09,148.84,58.53,14.41,52.01,-27.14,-57.41,-1315.37,5.91,107.06,24.05,-130.62,59.29,18.21,75.24,34.13,-231.35,42.4,5.33,54.91,44.06,-2963.02,70.5,9.47,,103.95,
"NAV%Price",165.55,-5.71,-10.27,156.91,11.92,18.18,99.62,282.33,282.53,139.6,77.5,132.94,98.07,98.16,108.32,105.93,86.55,81.7,81.51,111.21,90.97,113.55,72.54,72.54,58.53,60.18,72.12,82.4,82.4,75.91,81.21,85.6,94.89,95.25,64.66,101.43,104.22,162.63,162.63,94.06,90.65,85.03,91.19,91.19,104.67,91.56,82.13,60.63,60.6,60.73,44.05,44.05,39.09,
"Liquidity%",-240.66,-58.67,-11.69,-7.55,-19.77,-1.82,-16.68,-4.9,5.25,13.82,-27.54,50.27,9,4.23,-0.5,11.43,14.16,32.68,14.73,30.46,17.65,31.53,3.6,14.29,15.07,16.14,24.34,17.12,9.24,17.4,4.09,15.12,-8.87,-16.71,-0.77,5.97,6.68,6.17,-4.54,18.45,3.35,31.75,11.87,-7,25.38,14.53,27.09,11.66,-4.6,52.69,37.17,,80.3,
"Cash Flow:Attributable Profit",4.13,0.57,0.35,1.94,10.01,0.03,2.58,0.44,-0.39,-10.02,-4.16,-62.14,5.53,0.86,-0.18,1.33,4.75,3.22,3.37,9,-1.65,-1.47,0.99,-0.57,4.92,1.43,8.12,-0.52,-0.25,-0.68,-0.2,-0.58,0.25,-8.58,-0.58,4.43,-10.36,4.09,-10.75,15.56,0.46,11.31,0.94,-0.99,5.53,22.18,-5.27,2.84,-1.96,15.78,1.77,,6.74,
"Cash/Equity (%)",60.9,61.96,71.08,42.14,36.92,22.46,24.55,20.39,20.39,25.31,11.82,12.03,,8.34,19.37,43.05,,,,,,,,,,,,,,,,,,,,,,,,,,,,,,,,,,,,,,
"EV/Ebitda (Pd)",-88.44,-38.35,-75.74,223.13,-846.66,-10.4,-70.62,,-51.04,492.93,41.24,,,,,44.4,,,,,,,,,,,,,,,,,,,,,,,,,,,,,,,,,,,,,,
"PEG Ratio",0.04,0.05,0.02,0.01,0.01,0.01,-0.01,-0.06,-0.08,0.08,0.05,0.06,0.12,0.12,0.08,0.08,0.07,0.06,0.06,0.05,0.06,0.07,0.1,0.1,0.11,0.1,0.1,0.08,0.08,0.1,0.09,-0.5,-0.99,-0.99,-1.91,-1.95,-7.47,-11.8,-11.32,-4.59,-4.24,-0.56,-0.49,-0.49,-0.57,-0.73,0.92,1.08,1.08,0.92,1.05,0.95,0.31,

