Income statement (ZAR million),"Sep 2020","Mar 2020","Sep 2019","Mar 2019","Sep 2018","Mar 2018","Sep 2017","Mar 2017","Sep 2016","Mar 2016","Sep 2015","Mar 2015","Sep 2014","Mar 2014","Sep 2013","Mar 2013","Sep 2012","Mar 2012","Sep 2011","Mar 2011","Sep 2010","Mar 2010",
,"Final (12m)","Interim (6m)","Final (12m)","Interim (6m)","Final (12m)","Interim (6m)","Final (12m)","Interim (6m)","Final (12m)","Interim (6m)","Final (12m)","Interim (6m)","Final (12m)","Interim (6m)","Final (12m)","Interim (6m)","Final (12m)","Interim (6m)","Final (12m)","Interim (6m)","Final (12m)","Interim (6m)",
,"3 Dec 2020","4 Jun 2020","14 Nov 2019","9 May 2019","15 Nov 2018","17 May 2018","16 Nov 2017","18 May 2017","17 Nov 2016","12 May 2016","12 Nov 2015","14 May 2015","6 Nov 2014","8 May 2014","7 Nov 2013","9 May 2013","8 Nov 2012","11 May 2012","10 Nov 2011","11 May 2011","11 Nov 2010","6 May 2010",
"Turnover",8308.341,3626.514,7647.415,3557.416,7657.311,3452.824,6807.927,3140.602,8243.988,3602.27,6168.777,2566.132,5039.137,2361.652,4701.224,2456.648,4647.951,2132.271,3657.196,1765.427,3423.219,1526.401,
"Cost of Sales",5338.068,2321.32,5026.779,2238.209,4823.816,2176.284,4360.013,1918.812,5051.014,2314.888,3832.997,1635.734,3062.606,1456.299,,,,,,,,,
"Gross Profit",2970.273,1305.194,2620.636,1319.207,2833.495,1276.54,2447.914,1221.79,3192.974,1287.382,2335.78,930.398,1976.528,905.353,,,,,,,,,
"Operating Expenses",1603.31,687.568,1469.552,733.036,,,,,,,,,,,,,,,,,,,
"EBITDA (ProfileData Calc)",1690.035,714.215,1371.201,689.351,,,,,,,,,,,,,,,,,,,
"Depreciation",288.745,102.045,170.95,101.231,,,,,,,,,,,,,,,,,,,
"Operating Income",1399.467,605.12,1157.878,553.521,1174.816,478.775,1001.428,504.261,1629.491,586.911,1007.255,352,879.566,366.016,743.559,365.528,663.07,265.053,512.689,212.648,465,191.779,
"Other Income",,,,,,,,,,,,10.636,,22.628,,,,,,7.458,-19.697,6.846,
"Profit Before Exceptional Items",1399.467,605.12,1157.878,553.521,1174.816,478.775,1001.428,504.261,1629.491,586.911,1007.255,351.938,879.566,388.644,743.559,365.528,663.07,265.053,512.689,220.106,464.777,198.625,
"Amortisation",38.956,19.563,39.443,31.103,,,,,,,,,,,,,,,,,,,
"Exceptional Item 1",,,,,,,8.701,0.774,100.187,13.363,18.346,-11.191,,,,,,,13.141,,14.974,-19.239,
"Profit Before Interest And Tax",1399.467,605.12,1157.878,553.521,1174.816,478.775,1010.129,505.035,1729.678,600.274,1025.601,340.747,879.566,388.644,743.559,365.528,663.07,265.053,525.83,220.106,479.751,179.386,
"Interest Received",18.383,7.567,33.681,16.246,40.767,22.063,29.248,14.927,22.089,12.886,61.558,22.52,13.273,6.312,16.451,10.406,36.279,18.763,,,,,
"Interest Paid",271.959,146.576,294.547,146.371,332.532,169.887,372.405,186.073,385.202,176.02,158.442,27.303,17.102,4.249,7.485,0.654,3.108,1.213,,,,,
"Net Interest Paid/(Received)",253.576,139.009,260.866,130.125,291.765,147.824,343.157,171.146,363.113,163.134,96.884,4.783,3.829,-2.063,-8.966,-9.752,-33.171,-17.55,-9.813,-2.815,0.721,-0.877,
"Income Before Tax",1145.891,466.111,897.012,423.396,883.051,330.951,666.972,333.889,1366.565,437.14,928.717,335.964,875.737,390.707,752.525,375.28,696.241,282.603,535.643,222.921,479.03,180.263,
"Taxation",329.74,153.4,248.645,121.979,1,-46.731,187.622,104.856,408.276,150.184,286.515,100.457,266.818,118.541,228.135,116.98,232.315,102.835,189.426,79.3,175.515,68.646,
"Profit For The Period",816.151,312.711,648.367,301.417,882.241,377.682,479.35,229.033,958.289,286.956,642.202,235.507,608.919,272.166,524.39,258.3,463.926,179.768,346.217,143.621,303.515,111.617,
"Income Attributable To Minority Interests",55.516,20.08,30.751,12.75,24.41,12.809,11.04,2.709,41.843,15.065,30.978,9.671,34.988,18.408,33.374,18.182,20.136,11.68,13.047,4.701,9.091,4.946,
"Attributable Income Before Extraordinary Items",760.635,292.631,617.616,288.667,857.831,364.873,468.31,226.324,916.446,271.891,611.224,225.836,573.931,253.758,491.016,240.118,443.79,168.088,333.17,138.92,294.424,106.671,
"Income Attributable To Equity Holders",760.635,292.631,617.616,288.667,857.831,364.873,468.31,226.324,916.446,271.891,611.224,225.836,573.931,253.758,491.016,240.118,443.79,168.088,333.17,138.92,294.424,106.671,
"Total Comprehensive Income/Loss for the period",1311.908,1115.76,934.996,403.395,1122.39,-133.891,334.861,70.19,888.906,507.337,1096.288,,,,,,,,,,,,
"Headline Earnings (Cont Ops)",734.418,291.969,636.366,291.809,849.058,362.373,457.309,226.019,820.308,269.129,611.778,225.351,567.238,253.505,488,240.01,456.158,168.04,333.21,138.964,313.908,125.877,
"Enterprise Value (EV)",6592.101,6428.509,7995.498,9388.945,9147.593,9700.297,9436.197,11245.173,12677.285,14097.147,10138.182,10034.793,7163.421,9186.406,8665.602,7891.293,5228.924,4324.652,3399.095,3719.465,3079.368,3013.273,

Balance sheet (ZAR million),"Sep 2020","Mar 2020","Sep 2019","Mar 2019","Sep 2018","Mar 2018","Sep 2017","Mar 2017","Sep 2016","Mar 2016","Sep 2015","Mar 2015","Sep 2014","Mar 2014","Sep 2013","Mar 2013","Sep 2012","Mar 2012","Sep 2011","Mar 2011","Sep 2010","Mar 2010",
,"Final (12m)","Interim (6m)","Final (12m)","Interim (6m)","Final (12m)","Interim (6m)","Final (12m)","Interim (6m)","Final (12m)","Interim (6m)","Final (12m)","Interim (6m)","Final (12m)","Interim (6m)","Final (12m)","Interim (6m)","Final (12m)","Interim (6m)","Final (12m)","Interim (6m)","Final (12m)","Interim (6m)",
,"3 Dec 2020","4 Jun 2020","14 Nov 2019","9 May 2019","15 Nov 2018","17 May 2018","16 Nov 2017","18 May 2017","17 Nov 2016","12 May 2016","12 Nov 2015","14 May 2015","6 Nov 2014","8 May 2014","7 Nov 2013","9 May 2013","8 Nov 2012","11 May 2012","10 Nov 2011","11 May 2011","11 Nov 2010","6 May 2010",
"Fixed Assets",1856.973,1952.736,1697.221,1638.926,1586.626,1444.943,1604.099,1616.962,1669.373,1736.284,1678.406,680.994,512.342,463.383,458.2,430.734,435.85,400.601,415.623,390.98,364.538,344.206,
"Right-of-use Asset",173.507,,,,,,,,,,,,,,,,,,,,,,
"Investments and Loans",407.574,411.301,431.915,392.587,434.486,347.916,425.164,428.449,425.688,447.662,470.778,283.727,225.554,232.988,224.773,195.367,142.94,148.081,153.445,136.674,151.897,147.457,
"Goodwill",,,,,,,,,,,,,,10,,10,10,,,,,,
"Intangible Assets",5388.881,5666.856,4886.609,4691.433,4617.278,3901.285,4434.878,4448.917,4605.275,4859.371,4609.802,249.098,97.625,84.312,102.802,72.934,6.229,17.961,18.101,16.008,16.183,16.286,
"Deferred Tax Asset",20.793,36.374,26.567,45.072,29.338,27.178,27.616,15.724,27.714,32.486,25.583,21.761,24.119,22.967,28.502,22.502,23.187,14.561,13.204,9.561,8.528,7.694,
"Other Assets",,163.54,,3.524,17.398,11.594,1.837,4.197,7.636,18.225,,,,,,,72.409,2.912,,,,,
"Total Fixed Assets",7847.728,8230.807,7042.312,6771.542,6685.126,5732.916,6493.594,6514.249,6735.686,7094.028,6784.569,1235.58,859.64,813.65,814.277,731.537,690.615,584.116,600.373,553.223,541.146,515.643,
"Stock",1695.975,1683.968,1852.707,1668.137,1467.239,1035.551,1201.049,1197.337,1393.337,1372.794,1316.266,953.862,838.615,976.115,1213.169,880.681,777.979,517.318,489.85,426.621,574.838,587.666,
"Debtors",1271.898,1457.144,1243.324,1381.485,1502.331,1366.554,1071.444,1456.85,1551.17,1468.339,1463.836,974.857,933.039,761.099,694.92,680.926,819.164,554.136,536.913,556.935,545.515,504.747,
"Cash",1212.697,324.576,588.036,193.76,1015.06,856.737,1222.04,983.467,1312.942,561.03,1181.273,1241.545,344.003,79.952,111.203,102.404,276.178,469.153,395.86,234.63,181.73,89.013,
"Tax",23.663,60.106,73.82,31.489,29.725,62.642,55.098,95.681,113.666,109.748,27.94,,,,,,4.792,,,,,,
"Other Current Assets",19.42,,,,,,,,,89.358,39.478,,,,,,,,,,,,
"Total Current Assets",4223.653,3525.794,3757.887,3274.871,4014.355,3321.484,3549.631,3733.335,4371.115,3601.269,4028.793,3170.264,2115.657,1817.166,2019.292,1664.011,1878.113,1540.607,1422.623,1218.186,1302.083,1181.426,
"Total Assets",12071.381,11756.601,10800.199,10046.413,10699.481,9054.4,10043.225,10247.584,11106.801,10695.297,10813.362,4405.844,2975.297,2630.816,2833.569,2395.548,2568.728,2124.723,2022.996,1771.409,1843.229,1697.069,
"Ordinary Share Capital & Premium",1200.493,1199.726,1193.473,1192.138,1189.482,1187.724,1184.194,1184.684,1188.68,1187.569,1187.399,35.245,35.245,33.964,33.77,32.387,30.692,29.006,26.293,24.904,23.129,23.065,
"Distributable Reserves",3221.312,2889.92,2943.871,2765.398,2851.418,2499.021,2134.148,2000.821,2215.919,1709.37,1755.638,1499.033,1563.243,1356.677,1620.682,1470.231,1496.895,1266.408,1283.031,1127.045,1162.803,1007.928,
"Non-Distributable Reserves",22.843,61.812,77.735,83.105,97.419,82.938,80.438,51.058,80.557,75.839,96.837,83.145,67.174,61.285,68.655,60.45,57.674,54.161,51.651,42.506,32.257,33.455,
"Translation Reserves",1352.491,1609.372,796.213,597.92,487.029,-254.13,265.912,281.973,419.909,699.141,444.04,11.57,11.708,7.77,5.503,1.654,-0.721,-2.98,-2.547,-7.047,-6.059,-5.555,
"Ordinary Shareholders' Interest",5797.139,5760.83,5011.292,4638.561,4625.348,3515.553,3664.692,3518.536,3905.065,3671.919,3483.914,1628.993,1677.37,1459.696,1728.61,1564.722,1584.54,1346.595,1358.428,1187.408,1212.13,1058.893,
"Minority Interest",182.796,148.654,110.435,96.073,96.621,80.849,91.937,90.153,102.634,79.802,80.372,61.827,69.536,56.103,60.761,51.048,48.702,42.201,40.923,32.981,34.34,30.144,
"Total Shareholders' Interest",5979.935,5909.484,5121.727,4734.634,4721.969,3596.402,3756.629,3608.689,4007.699,3751.721,3564.286,1690.82,1746.906,1515.799,1789.371,1615.77,1633.242,1388.796,1399.351,1220.389,1246.47,1089.037,
"Deferred Tax Liability",541.257,584.015,524.875,478.163,468.761,485.226,691.068,679.219,700.214,665.542,630.403,99.947,58.215,31.999,36.686,34.193,41.843,37.666,41.669,43.429,46.9,51.524,
"Other Long-Term Liabilities",3367.435,3680.503,3315.268,3171.823,3349.895,2929.149,3233.177,3996.602,4421.569,4677.915,4670.593,740.47,381.188,116.979,143.891,101.564,97.427,63.713,53.694,47.837,42.941,30.445,
"Total Long-Term Liabilities",3908.692,4264.518,3840.143,3649.986,3818.656,3414.375,3924.245,4675.821,5121.783,5343.457,5300.996,840.417,439.403,148.978,180.577,135.757,139.27,101.379,95.363,91.266,89.841,81.969,
"Creditors and Provisions",1717.3,1368.38,1480.502,1224.765,1711.483,1175.841,1221.941,1741.706,1341.938,1510.953,1348.367,745.037,788.988,557.966,606.621,523.021,751.642,590.257,516.966,433.804,470.304,444.531,
"Tax",36.76,,6.569,9.991,20.022,23.72,22.203,56.753,50.729,49.122,322.506,26.566,,,,,,,,,,,
"Bank Overdrafts/Short-Term Loans",383.688,173.721,351.258,427.037,427.351,844.062,954.026,,584.652,,,1103.004,,116.5,257,121,44.574,44.291,11.316,25.95,36.614,81.532,
"Other Current Liabilities",45.006,40.498,,,,,164.181,164.615,,40.044,277.207,,,291.573,,,,,,,,,
"Total Current Liabilities",2182.754,1582.599,1838.329,1661.793,2158.856,2043.623,2362.351,1963.074,1977.319,1600.119,1948.08,1874.607,788.988,966.039,863.621,644.021,796.216,634.548,528.282,459.754,506.918,526.063,
"Total Liabilities",6091.446,5847.117,5678.472,5311.779,5977.512,5457.998,6286.596,6638.895,7099.102,6943.576,7249.076,2715.024,1228.391,1115.017,1044.198,779.778,935.486,735.927,623.645,551.02,596.759,608.032,
"Total Equity and Liabilities",12071.381,11756.601,10800.199,10046.413,10699.481,9054.4,10043.225,10247.584,11106.801,10695.297,10813.362,4405.844,2975.297,2630.816,2833.569,2395.548,2568.728,2124.723,2022.996,1771.409,1843.229,1697.069,

Share/unit data,"Sep 2020","Mar 2020","Sep 2019","Mar 2019","Sep 2018","Mar 2018","Sep 2017","Mar 2017","Sep 2016","Mar 2016","Sep 2015","Mar 2015","Sep 2014","Mar 2014","Sep 2013","Mar 2013","Sep 2012","Mar 2012","Sep 2011","Mar 2011","Sep 2010","Mar 2010",
,"Final (12m)","Interim (6m)","Final (12m)","Interim (6m)","Final (12m)","Interim (6m)","Final (12m)","Interim (6m)","Final (12m)","Interim (6m)","Final (12m)","Interim (6m)","Final (12m)","Interim (6m)","Final (12m)","Interim (6m)","Final (12m)","Interim (6m)","Final (12m)","Interim (6m)","Final (12m)","Interim (6m)",
,"3 Dec 2020","4 Jun 2020","14 Nov 2019","9 May 2019","15 Nov 2018","17 May 2018","16 Nov 2017","18 May 2017","17 Nov 2016","12 May 2016","12 Nov 2015","14 May 2015","6 Nov 2014","8 May 2014","7 Nov 2013","9 May 2013","8 Nov 2012","11 May 2012","10 Nov 2011","11 May 2011","11 Nov 2010","6 May 2010",
"Number of Shares in Issue (Actual)",116747000,116922000,116962000,116898000,116875000,116753000,116753000,116705000,116672000,116627000,116588000,100512000,100512000,100428000,100416000,100329000,100219000,100113000,99939000,99876000,99692000,99687000,
"Weighted Average Shares in Issue (Actual)",116863000,116870000,116910000,116886000,116778000,116753000,116700000,116647000,116626000,116617000,104005000,103390000,103278000,100366000,100302000,100290000,100100000,100069000,99868000,99842000,99580000,99578000,
"Fully Diluted Weighted Average Shares in Issue",126087000,126126000,127043000,127131000,127164000,127313000,127769000,128098000,128076000,128064000,114959000,114403000,113887000,111051000,110402000,110387000,108659000,107964000,106544000,106524000,104923000,104981000,
"Market Capitalisation (R'000)",7238314,6430710,8121841,9059595,9638681,9632123,9612274,12138487,13302941,14578375,11239083,10111507,7437888,9093755,8459044,7821649,5411826,4707313,3742716,3895164,3190144,2990610,
"Number of Months",12,6,12,6,12,6,12,6,12,6,12,6,12,6,12,6,12,6,12,6,12,6,
"Number of Employees",,4409,4845,4970,5755,,5565,,5690,,6053,,,,,,,,,,,,

Share statistics,"Sep 2020","Mar 2020","Sep 2019","Mar 2019","Sep 2018","Mar 2018","Sep 2017","Mar 2017","Sep 2016","Mar 2016","Sep 2015","Mar 2015","Sep 2014","Mar 2014","Sep 2013","Mar 2013","Sep 2012","Mar 2012","Sep 2011","Mar 2011","Sep 2010","Mar 2010",
,"Final (12m)","Interim (6m)","Final (12m)","Interim (6m)","Final (12m)","Interim (6m)","Final (12m)","Interim (6m)","Final (12m)","Interim (6m)","Final (12m)","Interim (6m)","Final (12m)","Interim (6m)","Final (12m)","Interim (6m)","Final (12m)","Interim (6m)","Final (12m)","Interim (6m)","Final (12m)","Interim (6m)",
,"3 Dec 2020","4 Jun 2020","14 Nov 2019","9 May 2019","15 Nov 2018","17 May 2018","16 Nov 2017","18 May 2017","17 Nov 2016","12 May 2016","12 Nov 2015","14 May 2015","6 Nov 2014","8 May 2014","7 Nov 2013","9 May 2013","8 Nov 2012","11 May 2012","10 Nov 2011","11 May 2011","11 Nov 2010","6 May 2010",
"Earnings Per Share (ZARc)",650.9,250.4,528.3,247,734.6,312.5,401.29,194,785.8,233.1,587.7,218.43,555.7,252.8,489.54,239.42,443.35,168,333.61,139.14,295.67,107.12,
"Diluted Earnings Per Share (ZARc)",603.3,232,486.1,227.1,674.6,286.6,366.5,176.7,715.5,212.3,531.7,197.4,503.9,228.5,444.8,217.5,408.4,155.7,312.7,130.4,280.6,101.6,
"Headline Earnings Per Share (Cont Ops) (ZARc)",628.4,249.8,544.3,249.7,727.1,310.4,391.9,193.8,703.4,230.8,588.2,218,549.2,252.6,487.9,239.3,455.7,167.9,333.7,139.2,315.2,126.4,
"Diluted Headline Earnings Per Share (Cont) (ZARc)",582.5,231.5,500.9,229.5,667.7,284.6,357.9,176.4,640.5,210.2,532.2,197,498.1,228.3,443.2,217.4,419.8,155.6,312.7,130.5,299.2,119.9,
"Interim Dividend (ZARc)",100,100,123,123,112,112,90,90,112,112,106,106,106,106,100,100,45,45,37,37,33,33,
"Final Dividend (ZARc)",293,,240,,304,,,,357,,259,,271,,222,,256,,183,,175,,
"Dividend Per Share (ZARc)",393,100,363,123,416,112,90,90,469,112,365,106,377,106,322,100,301,45,220,37,208,33,
"Distributions Per Share (ZARc)",393,100,363,123,416,112,90,90,469,112,365,106,377,106,322,100,301,45,220,37,208,33,
"Net Asset Value Per Share (ZARc)",4965.56,4927.07,4284.55,3968.04,3957.52,3011.1,3138.84,3014.9,3347,3148.43,2988,1621,1668.82,1453.48,1721.45,1559.59,1581.08,1345.08,1359.26,1188.88,1215.9,1062,
"3 Year Beta",0.57,0.23,0.17,0.41,0.33,0.67,0.74,0.74,0.59,0.6,0.62,0.39,0.34,0.32,0.42,0.34,0.29,0.49,-0.04,-0.06,-0.07,0.05,
"Cash Generated Per Share",1000.21,75.05,4.6,-396.5,572.07,133.56,581.24,-96.34,154.38,-494.08,297.25,-209.43,322.61,152.53,-301.68,-272.77,-6.03,46.23,351.75,94.22,57.84,-145.59,
"Net Asset Value Per Share (Base Currency)",4965.56,4927.07,4284.55,3968.04,3957.52,3011.1,3138.84,3014.9,3347,3148.43,2988,1621,1668.82,1453.48,1721.45,1559.59,1581.08,1345.08,1359.26,1188.88,1215.9,1062,
"Price at Period End (Base Currency)",6200,5500,6944,7750,8247,8250,8233,10401,11402,12500,9640,10060,7400,9055,8424,7796,5400,4702,3745,3900,3200,3000,
"JSE Market Price High (ZARc)",7501,7501,9000,9000,9400,9400,12639,12639,13474,13474,11902,11902,9500,9500,9876,8299,5999,5999,4050,4025,3452,3452,
"JSE Market Price Low (ZARc)",4148,4148,6419,6419,6750,6750,7800,10345,9550,9550,6851,6851,6650,7250,5250,5250,3700,3700,3150,3150,2600,2600,
"JSE Market Price at Period End (ZARc)",6200,5500,6944,7750,8247,8250,8233,10401,11402,12500,9640,10060,7400,9055,8424,7796,5400,4702,3745,3900,3200,3000,
"JSE Volume Traded (Actual)",47598570,26220973,52408301,3968283,15718539,9040920,15648198,4800337,17658298,9363762,27252889,17139736,16234287,10811472,14688156,6348907,7069304,3595748,6733395,3511366,29538675,19549045,
"JSE Rand Value Traded (Actual)",3033863348,1644639226,3740161598,298991426,1312149183,761845797,1531308467,545497344,1988012306,1048400286,2671483498,1681657877,1342225767,901908266,1169870736,450700715,331152887,162003049,248805469,128460240,869141872,573488553,
"12 Month HEPS",628.4,544.4,544.3,666.4,727.1,508.5,391.9,666.4,703.4,601,588.2,514.6,549.2,501.2,487.9,527.1,455.7,362.4,333.7,328,315.2,285,
"12 Month Dividend",393,340,363,427,416,112,90,447,447,469,365,365,377,377,328,,356,262.6,228,220,212,208,

Cash flow items,"Sep 2020","Mar 2020","Sep 2019","Mar 2019","Sep 2018","Mar 2018","Sep 2017","Mar 2017","Sep 2016","Mar 2016","Sep 2015","Mar 2015","Sep 2014","Mar 2014","Sep 2013","Mar 2013","Sep 2012","Mar 2012","Sep 2011","Mar 2011","Sep 2010","Mar 2010",
,"Final (12m)","Interim (6m)","Final (12m)","Interim (6m)","Final (12m)","Interim (6m)","Final (12m)","Interim (6m)","Final (12m)","Interim (6m)","Final (12m)","Interim (6m)","Final (12m)","Interim (6m)","Final (12m)","Interim (6m)","Final (12m)","Interim (6m)","Final (12m)","Interim (6m)","Final (12m)","Interim (6m)",
,"3 Dec 2020","4 Jun 2020","14 Nov 2019","9 May 2019","15 Nov 2018","17 May 2018","16 Nov 2017","18 May 2017","17 Nov 2016","12 May 2016","12 Nov 2015","14 May 2015","6 Nov 2014","8 May 2014","7 Nov 2013","9 May 2013","8 Nov 2012","11 May 2012","10 Nov 2011","11 May 2011","11 Nov 2010","6 May 2010",
"Cash generated by operations",1655.524,732.329,1384.817,715.086,1492.259,656.603,1146.669,546.522,1726.577,740.936,1187.874,229.66,1238.377,519.538,393.473,150.647,456.562,307.545,729.211,335.378,416.596,64.944,
"Working capital changes",427.107,-49.411,-342.291,-521.164,-189.366,-245.797,560.579,39.529,-95.483,-339.966,-92.76,,,,,,-357.295,-9.805,118.875,79.905,-168.97,-168.028,
"Cash generated from operations after WC",2082.631,682.888,1042.526,193.922,1302.893,410.806,1707.248,586.051,1631.094,400.97,1095.114,,,,,,,,,,,,
"Net Cash flow from operating activities",1167.72,87.747,5.378,-463.506,668.606,155.933,678.62,-112.434,180.113,-576.235,346.555,-210.499,324.257,153.179,-302.933,-273.666,-6.044,46.281,351.534,94.099,57.664,-145.134,
"Net cash flow from investing activities",-170.641,-130.573,-217.141,-128.736,-180.928,-67.777,-191.097,-67.329,-56.352,-98.239,-4747.216,-372.53,-147.383,-49.168,-128.265,-23.658,-153.331,-12.434,-115.827,-36.877,-87.937,-27.299,
"Net cash flow from financing activities",-428.278,-308.012,-239.721,-229.658,-720.152,-393.418,-553.613,-121.668,1.954,-10.563,5146.173,380.732,310.471,4.54,10.908,5.058,7.987,5.86,4.902,6.336,6.753,10.933,
"Dividends paid",-442.433,-317.863,-543.777,-387.985,-162.013,-23.897,-573.243,-455.65,-476.827,-334.402,-427.395,-310.24,-365.88,-249.256,-380.934,-277.01,-242.222,-195.23,-219.993,-180.719,-193.84,-160.953,
"Net increase(decrease) in cash & cash equivalents",568.801,-350.838,-451.484,-821.9,-232.474,-305.262,-66.09,-301.431,125.715,-685.037,745.512,-202.297,487.345,108.551,-420.29,-292.266,-151.388,39.707,240.609,63.558,-23.52,-161.5,
"Cash & Cash Equivalent beginning of period",588.801,588.036,1015.06,1015.06,1222.04,1222.04,1312.942,1312.942,1181.273,1181.273,344.003,,,,,,,,,,,,
"Translation effects on cash & cash equivalents",55.86,87.378,24.46,0.6,25.494,-60.041,-24.812,-28.044,5.954,48.862,91.758,,,,,,,,,,,,
"Cash & Cash Equivalent end of period",1212.697,324.576,588.036,193.76,1015.06,856.737,1222.04,983.467,1312.942,545.098,1181.273,,,,,,,,,,,,

Ratios,"Sep 2020","Mar 2020","Sep 2019","Mar 2019","Sep 2018","Mar 2018","Sep 2017","Mar 2017","Sep 2016","Mar 2016","Sep 2015","Mar 2015","Sep 2014","Mar 2014","Sep 2013","Mar 2013","Sep 2012","Mar 2012","Sep 2011","Mar 2011","Sep 2010","Mar 2010",
,"Final (12m)","Interim (6m)","Final (12m)","Interim (6m)","Final (12m)","Interim (6m)","Final (12m)","Interim (6m)","Final (12m)","Interim (6m)","Final (12m)","Interim (6m)","Final (12m)","Interim (6m)","Final (12m)","Interim (6m)","Final (12m)","Interim (6m)","Final (12m)","Interim (6m)","Final (12m)","Interim (6m)",
,"3 Dec 2020","4 Jun 2020","14 Nov 2019","9 May 2019","15 Nov 2018","17 May 2018","16 Nov 2017","18 May 2017","17 Nov 2016","12 May 2016","12 Nov 2015","14 May 2015","6 Nov 2014","8 May 2014","7 Nov 2013","9 May 2013","8 Nov 2012","11 May 2012","10 Nov 2011","11 May 2011","11 Nov 2010","6 May 2010",
"Return on Capital Employed",8.25,6.15,7.23,7.19,10.33,10.77,6.24,5.53,10.5,6.31,7.24,18.61,27.85,32.7,26.62,29.49,26.17,24.13,23.16,21.9,22.71,19.06,
"Return on Shareholder Funds",13.65,10.58,12.66,12.73,18.68,21,12.76,12.69,23.91,15.3,18.02,27.86,44.4,35.91,29.5,31.97,28.41,25.89,24.74,23.54,24.35,20.5,
"Return on Total Assets",17.15,15.31,15.17,15.81,14.52,12.84,11.74,11.49,19.48,14.52,14.67,16.7,30.43,30.81,27.56,32.46,27.28,26.83,26.06,25.4,25.4,23.74,
"Gross Profit Margin",35.75,35.99,34.27,37.08,37,36.97,35.96,38.9,38.73,35.74,37.86,36.26,39.22,38.34,,,,,,,,,
"Operating Profit Margin",16.84,16.69,15.14,15.56,15.34,13.87,14.71,16.06,19.77,16.29,16.33,13.72,17.45,15.5,15.82,14.88,14.27,12.43,14.02,12.05,13.58,12.56,
"Net Profit Margin",9.16,8.07,8.08,8.11,11.2,10.57,6.88,7.21,11.12,7.55,9.91,8.8,11.39,10.74,10.44,9.77,9.55,7.88,9.11,7.87,8.6,6.99,
"Debt:Equity (excl non-int debt)",0.72,0.75,0.82,0.86,0.9,1.18,1.3,1.3,1.28,1.42,1.49,1.15,0.25,0.18,0.24,0.16,0.11,0.1,0.08,0.1,0.1,0.15,
"Interest Cover",5.52,4.35,4.44,4.25,4.03,3.24,2.94,2.95,4.49,3.68,10.59,71.24,229.71,-188.39,-82.93,-37.48,-19.99,-15.1,-53.59,-78.19,665.4,-204.55,
"Quick Ratio",1.16,1.16,1.04,0.97,1.18,1.12,0.99,1.29,1.51,1.39,1.39,1.18,1.62,0.87,0.93,1.22,1.38,1.61,1.77,1.72,1.43,1.13,
"Current Ratio",1.94,2.23,2.04,1.97,1.86,1.63,1.5,1.9,2.21,2.25,2.07,1.69,2.68,1.88,2.34,2.58,2.36,2.43,2.69,2.65,2.57,2.25,
"Dividend Cover",1.66,2.5,1.5,2.01,1.75,2.79,4.46,2.16,1.68,2.08,1.61,2.06,1.47,2.38,1.52,2.39,1.51,3.73,1.52,3.76,1.51,3.25,
"Dividend Cover (HEPS)",1.6,2.5,1.5,2.03,1.75,2.77,4.35,2.15,1.5,2.06,1.61,2.06,1.46,2.38,1.52,2.39,1.51,3.73,1.52,3.76,1.52,3.83,
"Debtors Collection Period",55.88,73.33,59.34,70.87,71.61,72.23,57.44,84.66,68.68,74.39,86.61,69.33,67.58,58.82,53.95,50.58,64.33,47.43,53.59,57.57,58.17,60.35,
"Stock Turn",3.15,2.76,2.71,2.68,3.29,4.2,3.63,3.21,3.63,3.37,2.91,3.43,3.65,2.98,,,,,,,,,
"Price : Earnings",9.87,10.1,12.76,11.63,11.34,16.22,21.01,15.61,16.21,20.8,16.39,19.55,13.47,18.07,17.27,14.79,11.85,12.97,11.22,11.89,10.15,10.53,
"Sales Per Share (Base Currency)",7109.47,6206.06,6541.28,6086.98,6557.15,5914.75,5833.7,5384.8,7068.74,6177.95,5931.23,4963.98,4879.2,4706.08,4687.07,4899.09,4643.31,4261.6,3662.03,3536.44,3437.66,3065.74,
"Price/Sales Per Share",0.87,0.89,1.06,1.27,1.26,1.39,1.41,1.93,1.61,2.02,1.63,2.03,1.52,1.92,1.8,1.59,1.16,1.1,1.02,1.1,0.93,0.98,
"Price/Net Asset Value",1.25,1.12,1.62,1.95,2.08,2.74,2.62,3.45,3.41,3.97,3.23,6.21,4.43,6.23,4.89,5,3.42,3.5,2.76,3.28,2.63,2.82,
"Price/Cash Flow",6.2,146.57,1509.57,-39.09,14.42,123.54,14.16,-215.92,73.86,-50.6,32.43,-96.07,22.94,118.73,-27.92,-57.16,-895.52,203.42,10.65,82.78,55.33,-41.21,
"NAV%Price",80.09,89.58,61.7,51.2,47.99,36.5,38.13,28.99,29.35,25.19,31,16.11,22.55,16.05,20.44,20.01,29.28,28.61,36.3,30.48,38,35.4,
"Liquidity%",19.17,3,0.09,-17.45,11.19,5.71,10.79,-3.39,2.54,-16.6,4.78,-15.51,26.4,27.48,-29.01,-70.19,-0.65,12.58,56.37,34.15,9.66,-47.74,
"Cash Flow:Attributable Profit",1.54,0.6,0.01,-3.21,0.78,0.85,1.48,-1,0.22,-4.46,0.58,-1.78,0.56,1.21,-0.62,-2.28,-0.01,0.55,1.1,1.35,0.21,-2.31,
"Cash/Equity (%)",20.28,5.49,11.48,4.09,21.5,23.82,32.53,,,,,,,,,,,,,,,,
"EV/Ebitda (Pd)",3.9,9,5.83,13.62,7.68,,,,,,,,,,,,,,,,,,
"PEG Ratio",0.96,1.18,1.49,0.72,0.7,39.93,51.7,0.94,0.98,1.5,1.18,1.31,0.9,1.13,1.08,,0.5,0.51,0.44,0.47,0.4,0.6,

